time,rss,varexpl,seed,l2_dist,l2_dist_norm,conv,n_iter,coreset_indices,weights,inital_indices,n_samples,n_features,n_archetypes,noise_std,init_alg,optim_alg,time_log10
0.1581590175628662,0.17847003042697906,0.99982154,0,0.18971807,0.03480110159119768,True,72,,,"[np.int64(65), np.int64(8), np.int64(76)]",100,10,3,0.0,uniform,projected_gradients,-0.8009060413951377
0.011475086212158203,1.050064206123352,0.99894994,1,0.3651773,0.07006295877676035,True,36,,,"[np.int64(65), np.int64(8), np.int64(76)]",100,10,3,0.0,uniform,projected_gradients,-1.940244042930228
0.036328792572021484,0.23678673803806305,0.9997632,2,0.23424368,0.04272457061002131,True,65,,,"[np.int64(65), np.int64(8), np.int64(76)]",100,10,3,0.0,uniform,projected_gradients,-1.4397490361593728
0.014362812042236328,1.0686761140823364,0.99893135,3,0.37725747,0.0604539097463931,True,40,,,"[np.int64(65), np.int64(8), np.int64(76)]",100,10,3,0.0,uniform,projected_gradients,-1.8427605228467927
0.017080068588256836,1.4537105560302734,0.99854624,4,0.35994196,0.06749583700564903,True,41,,,"[np.int64(65), np.int64(8), np.int64(76)]",100,10,3,0.0,uniform,projected_gradients,-1.7675103896516005
0.09282517433166504,0.205657958984375,0.99979436,0,0.18838187,0.03455599419046482,True,75,,,"[np.int64(65), np.int64(8), np.int64(76)]",100,10,3,0.0,uniform,frank_wolfe,-1.0323342264679867
0.02732706069946289,1.0551586151123047,0.9989448,1,0.36501515,0.0700318478083014,True,36,,,"[np.int64(65), np.int64(8), np.int64(76)]",100,10,3,0.0,uniform,frank_wolfe,-1.5634070785397893
0.03710007667541504,0.23866011202335358,0.99976134,2,0.23422962,0.04272200765114872,True,49,,,"[np.int64(65), np.int64(8), np.int64(76)]",100,10,3,0.0,uniform,frank_wolfe,-1.430625192819584
0.0364232063293457,1.1310176849365234,0.99886894,3,0.3780807,0.06058582879224192,True,45,,,"[np.int64(65), np.int64(8), np.int64(76)]",100,10,3,0.0,uniform,frank_wolfe,-1.4386218259806975
0.024047136306762695,1.4633382558822632,0.9985367,4,0.35818806,0.06716694867378016,True,35,,,"[np.int64(65), np.int64(8), np.int64(76)]",100,10,3,0.0,uniform,frank_wolfe,-1.6189366348918586
0.008523941040039062,0.18012183904647827,0.9998199,0,0.1850868,0.033951561215375244,True,10,,,"[np.int64(49), np.int64(91), np.int64(79)]",100,10,3,0.0,furthest_sum,projected_gradients,-2.0693595629552837
0.0077056884765625,1.0506412982940674,0.99894935,1,0.3629272,0.06963125334951936,True,28,,,"[np.int64(50), np.int64(83), np.int64(52)]",100,10,3,0.0,furthest_sum,projected_gradients,-2.113188552505038
0.008526086807250977,0.2367813140153885,0.99976325,2,0.2342494,0.042725614275140156,True,10,,,"[np.int64(9), np.int64(88), np.int64(96)]",100,10,3,0.0,furthest_sum,projected_gradients,-2.0692502499532344
0.005110025405883789,1.068668007850647,0.99893135,3,0.37729812,0.060460423795502094,True,23,,,"[np.int64(47), np.int64(67), np.int64(48)]",100,10,3,0.0,furthest_sum,projected_gradients,-2.2915769406465576
0.008220911026000977,1.4533653259277344,0.99854666,4,0.35997203,0.06750147579389147,True,30,,,"[np.int64(77), np.int64(86), np.int64(44)]",100,10,3,0.0,furthest_sum,projected_gradients,-2.0850800520899386
0.14397788047790527,0.22576549649238586,0.9997742,0,0.18591213,0.034102956466954805,True,189,,,"[np.int64(49), np.int64(91), np.int64(79)]",100,10,3,0.0,furthest_sum,frank_wolfe,-0.8417042240455249
0.04056882858276367,1.1028639078140259,0.99889714,1,0.36165988,0.06938810635030086,True,55,,,"[np.int64(50), np.int64(83), np.int64(52)]",100,10,3,0.0,furthest_sum,frank_wolfe,-1.391807532285483
0.09781002998352051,0.2884001135826111,0.99971163,2,0.23417819,0.04271262553659073,True,158,,,"[np.int64(9), np.int64(88), np.int64(96)]",100,10,3,0.0,furthest_sum,frank_wolfe,-1.0096166079614128
0.07025599479675293,1.1831958293914795,0.99881685,3,0.37683257,0.060385822650977444,True,84,,,"[np.int64(47), np.int64(67), np.int64(48)]",100,10,3,0.0,furthest_sum,frank_wolfe,-1.1533166124040801
0.06672501564025879,1.5576504468917847,0.99844235,4,0.35679886,0.0669064467162648,True,86,,,"[np.int64(77), np.int64(86), np.int64(44)]",100,10,3,0.0,furthest_sum,frank_wolfe,-1.1757113157423686
0.026655197143554688,0.17822661995887756,0.9998218,0,0.18937139,0.03473750886135135,True,69,,,"[np.int64(8), np.int64(46), np.int64(32)]",100,10,3,0.0,plus_plus,projected_gradients,-1.5742181010571819
0.012994050979614258,1.04983651638031,0.9989501,1,0.36306024,0.06965677795220282,True,38,,,"[np.int64(8), np.int64(49), np.int64(27)]",100,10,3,0.0,plus_plus,projected_gradients,-1.8862554336979604
0.02505016326904297,0.23709729313850403,0.9997629,2,0.23582585,0.043013149451139016,True,52,,,"[np.int64(8), np.int64(49), np.int64(19)]",100,10,3,0.0,plus_plus,projected_gradients,-1.601189439193408
0.015298128128051758,1.0687017440795898,0.9989313,3,0.37725532,0.060453565896293505,True,40,,,"[np.int64(8), np.int64(47), np.int64(25)]",100,10,3,0.0,plus_plus,projected_gradients,-1.8153617060053835
0.01693105697631836,1.452971339225769,0.9985471,4,0.35926104,0.06736815114463494,True,43,,,"[np.int64(8), np.int64(39), np.int64(31)]",100,10,3,0.0,plus_plus,projected_gradients,-1.7713159287986981
0.05284380912780762,0.1834000200033188,0.9998166,0,0.187626,0.0344173420855237,True,60,,,"[np.int64(8), np.int64(46), np.int64(32)]",100,10,3,0.0,plus_plus,frank_wolfe,-1.27700588478265
0.02989482879638672,1.054093837738037,0.99894595,1,0.36499694,0.07002835418548788,True,39,,,"[np.int64(8), np.int64(49), np.int64(27)]",100,10,3,0.0,plus_plus,frank_wolfe,-1.5244039293820628
0.05231595039367676,0.24292783439159393,0.99975705,2,0.23461235,0.04279181362748343,True,60,,,"[np.int64(8), np.int64(49), np.int64(19)]",100,10,3,0.0,plus_plus,frank_wolfe,-1.2813658806957684
0.02337789535522461,1.0866466760635376,0.99891335,3,0.37609947,0.06026834530931162,True,33,,,"[np.int64(8), np.int64(47), np.int64(25)]",100,10,3,0.0,plus_plus,frank_wolfe,-1.6311945896992037
0.030173778533935547,1.4827677011489868,0.9985172,4,0.35600245,0.06675710544946337,True,40,,,"[np.int64(8), np.int64(39), np.int64(31)]",100,10,3,0.0,plus_plus,frank_wolfe,-1.520370301568926
0.015487909317016602,9.297478675842285,0.9907025,0,0.2838965,0.05207680672408424,True,37,,,"[np.int64(65), np.int64(8), np.int64(76)]",100,10,3,0.05,uniform,projected_gradients,-1.8100072028581626
0.01012730598449707,11.324891090393066,0.9886751,1,0.4456366,0.08549988854564652,True,28,,,"[np.int64(65), np.int64(8), np.int64(76)]",100,10,3,0.05,uniform,projected_gradients,-1.9945060681314817
0.012633085250854492,11.194276809692383,0.9888057,2,0.3425282,0.06247498444485575,True,34,,,"[np.int64(65), np.int64(8), np.int64(76)]",100,10,3,0.05,uniform,projected_gradients,-1.8984905731349273
0.016309022903442383,8.190387725830078,0.9918096,3,0.43247378,0.06930208974257353,True,36,,,"[np.int64(65), np.int64(8), np.int64(76)]",100,10,3,0.05,uniform,projected_gradients,-1.7875720573750913
0.011946916580200195,12.726489067077637,0.9872735,4,0.44555143,0.08354921006124531,True,32,,,"[np.int64(65), np.int64(8), np.int64(76)]",100,10,3,0.05,uniform,projected_gradients,-1.922744168774217
0.02402806282043457,9.4036283493042,0.99059635,0,0.28600776,0.05246408685885954,True,37,,,"[np.int64(65), np.int64(8), np.int64(76)]",100,10,3,0.05,uniform,frank_wolfe,-1.6192812412771869
0.016056060791015625,11.368680000305176,0.98863137,1,0.44268417,0.08493343563031451,True,29,,,"[np.int64(65), np.int64(8), np.int64(76)]",100,10,3,0.05,uniform,frank_wolfe,-1.794360996203639
0.021564960479736328,11.297815322875977,0.98870224,2,0.33212373,0.06057727511343776,True,39,,,"[np.int64(65), np.int64(8), np.int64(76)]",100,10,3,0.05,uniform,frank_wolfe,-1.6662513334117537
0.0252838134765625,8.271808624267578,0.9917282,3,0.43052176,0.06898928644155439,True,39,,,"[np.int64(65), np.int64(8), np.int64(76)]",100,10,3,0.05,uniform,frank_wolfe,-1.5971574222043623
0.0186769962310791,12.754965782165527,0.9872451,4,0.4419429,0.08287254429516917,True,31,,,"[np.int64(65), np.int64(8), np.int64(76)]",100,10,3,0.05,uniform,frank_wolfe,-1.728692968853399
0.011909008026123047,9.30964469909668,0.99069035,0,0.2836724,0.05203569627246642,True,32,,,"[np.int64(49), np.int64(91), np.int64(79)]",100,10,3,0.05,furthest_sum,projected_gradients,-1.9241244120455852
0.009285926818847656,11.330471992492676,0.9886696,1,0.44423756,0.08523146853033016,True,23,,,"[np.int64(50), np.int64(83), np.int64(52)]",100,10,3,0.05,furthest_sum,projected_gradients,-2.0321747432733206
0.007279872894287109,11.249410629272461,0.98875064,2,0.33469614,0.061046467813430524,True,22,,,"[np.int64(9), np.int64(88), np.int64(96)]",100,10,3,0.05,furthest_sum,projected_gradients,-2.137876203350648
0.006787776947021484,8.184439659118652,0.99181557,3,0.42965984,0.0688511685425212,True,23,,,"[np.int64(48), np.int64(67), np.int64(47)]",100,10,3,0.05,furthest_sum,projected_gradients,-2.1682724374606313
0.007857084274291992,12.712032318115234,0.98728794,4,0.44407603,0.08327254618539782,True,24,,,"[np.int64(77), np.int64(86), np.int64(44)]",100,10,3,0.05,furthest_sum,projected_gradients,-2.104738588631395
0.01738595962524414,9.487019538879395,0.990513,0,0.27246776,0.0499803650301131,True,27,,,"[np.int64(49), np.int64(91), np.int64(79)]",100,10,3,0.05,furthest_sum,frank_wolfe,-1.7598013332553046
0.013299942016601562,11.428421974182129,0.9885716,1,0.44248143,0.08489453691345618,True,24,,,"[np.int64(50), np.int64(83), np.int64(52)]",100,10,3,0.05,furthest_sum,frank_wolfe,-1.8761502524107243
0.024852991104125977,11.4312744140625,0.9885687,2,0.31273004,0.05703998962333056,True,37,,,"[np.int64(9), np.int64(88), np.int64(96)]",100,10,3,0.05,furthest_sum,frank_wolfe,-1.6046213356290866
0.019264936447143555,8.480780601501465,0.9915192,3,0.427912,0.06857108353361768,True,28,,,"[np.int64(48), np.int64(67), np.int64(47)]",100,10,3,0.05,furthest_sum,frank_wolfe,-1.715232419337219
0.021734952926635742,12.912211418151855,0.9870878,4,0.43718746,0.08198081101004251,True,34,,,"[np.int64(77), np.int64(86), np.int64(44)]",100,10,3,0.05,furthest_sum,frank_wolfe,-1.6628412960631824
0.014736175537109375,9.300410270690918,0.9906996,0,0.28565142,0.05239872014742412,True,38,,,"[np.int64(8), np.int64(46), np.int64(32)]",100,10,3,0.05,plus_plus,projected_gradients,-1.8316152138068411
0.014400959014892578,11.32606029510498,0.9886739,1,0.44557586,0.08548823551243216,True,33,,,"[np.int64(8), np.int64(49), np.int64(27)]",100,10,3,0.05,plus_plus,projected_gradients,-1.8416085856125552
0.015433073043823242,11.198485374450684,0.98880154,2,0.34060478,0.06212416619951498,True,35,,,"[np.int64(8), np.int64(49), np.int64(19)]",100,10,3,0.05,plus_plus,projected_gradients,-1.8115475883184173
0.012499094009399414,8.182158470153809,0.9918179,3,0.42827132,0.06862866409821237,True,34,,,"[np.int64(8), np.int64(47), np.int64(25)]",100,10,3,0.05,plus_plus,projected_gradients,-1.9031214654702049
0.014367818832397461,12.728828430175781,0.9872712,4,0.44577155,0.08359048666179897,True,34,,,"[np.int64(8), np.int64(39), np.int64(29)]",100,10,3,0.05,plus_plus,projected_gradients,-1.8426091567754714
0.023408174514770508,9.362232208251953,0.9906378,0,0.28364506,0.052030683202767804,True,33,,,"[np.int64(8), np.int64(46), np.int64(32)]",100,10,3,0.05,plus_plus,frank_wolfe,-1.630632453414624
0.01954197883605957,11.362411499023438,0.98863757,1,0.44776845,0.08590890543716888,True,34,,,"[np.int64(8), np.int64(49), np.int64(27)]",100,10,3,0.05,plus_plus,frank_wolfe,-1.709031461391649
0.023934125900268555,11.360365867614746,0.98863965,2,0.35188422,0.06418146388626787,True,39,,,"[np.int64(8), np.int64(49), np.int64(19)]",100,10,3,0.05,plus_plus,frank_wolfe,-1.6209824287887558
0.019689083099365234,8.24056339263916,0.9917595,3,0.43186912,0.06920519564992512,True,28,,,"[np.int64(8), np.int64(47), np.int64(25)]",100,10,3,0.05,plus_plus,frank_wolfe,-1.7057745080446134
0.023321151733398438,12.84530258178711,0.9871547,4,0.4398905,0.08248768162927031,True,34,,,"[np.int64(8), np.int64(39), np.int64(29)]",100,10,3,0.05,plus_plus,frank_wolfe,-1.632250005409242
0.017798900604248047,33.898582458496094,0.96610147,0,0.4015588,0.0736602913036434,True,32,,,"[np.int64(65), np.int64(8), np.int64(76)]",100,10,3,0.1,uniform,projected_gradients,-1.7496068221997594
0.009763240814208984,38.512088775634766,0.9614879,1,0.5694378,0.10925240108836502,True,25,,,"[np.int64(65), np.int64(8), np.int64(76)]",100,10,3,0.1,uniform,projected_gradients,-2.010405998511149
0.012288808822631836,40.642486572265625,0.9593575,2,0.5055407,0.09220744361895483,True,28,,,"[np.int64(65), np.int64(8), np.int64(76)]",100,10,3,0.1,uniform,projected_gradients,-1.9104902120549323
0.015377998352050781,26.946060180664062,0.97305393,3,0.49342835,0.07906980131620445,True,34,,,"[np.int64(65), np.int64(8), np.int64(76)]",100,10,3,0.1,uniform,projected_gradients,-1.8131001899723185
0.01671314239501953,42.84563446044922,0.95715433,4,0.5414589,0.10153365293294155,True,27,,,"[np.int64(65), np.int64(8), np.int64(76)]",100,10,3,0.1,uniform,projected_gradients,-1.7769418866409277
0.024702072143554688,34.04616928100586,0.9659539,0,0.39362678,0.0722052765244025,True,33,,,"[np.int64(65), np.int64(8), np.int64(76)]",100,10,3,0.1,uniform,frank_wolfe,-1.6072666142397127
0.014461040496826172,38.652095794677734,0.9613479,1,0.5698621,0.10933381222031105,True,25,,,"[np.int64(65), np.int64(8), np.int64(76)]",100,10,3,0.1,uniform,frank_wolfe,-1.8398004576796063
0.01727008819580078,40.97533416748047,0.95902467,2,0.51021755,0.0930604659094278,True,27,,,"[np.int64(65), np.int64(8), np.int64(76)]",100,10,3,0.1,uniform,frank_wolfe,-1.7627054445488237
0.01996898651123047,27.143285751342773,0.9728567,3,0.4958228,0.07945349982178594,True,33,,,"[np.int64(65), np.int64(8), np.int64(76)]",100,10,3,0.1,uniform,frank_wolfe,-1.699643976378644
0.014892101287841797,43.03546905517578,0.95696455,4,0.5460865,0.10240141158817716,True,28,,,"[np.int64(65), np.int64(8), np.int64(76)]",100,10,3,0.1,uniform,frank_wolfe,-1.8270440186125776
0.010172843933105469,33.889862060546875,0.9661101,0,0.39918378,0.07322462985280191,True,25,,,"[np.int64(49), np.int64(91), np.int64(79)]",100,10,3,0.1,furthest_sum,projected_gradients,-1.9925576181888742
0.009557962417602539,38.578941345214844,0.9614211,1,0.57006806,0.10937332275000251,True,22,,,"[np.int64(50), np.int64(83), np.int64(52)]",100,10,3,0.1,furthest_sum,projected_gradients,-2.0196346814800004
0.008544921875,40.6632080078125,0.9593368,2,0.49546972,0.09037055495948897,True,24,,,"[np.int64(9), np.int64(88), np.int64(96)]",100,10,3,0.1,furthest_sum,projected_gradients,-2.068291903617499
0.011974096298217773,26.99105453491211,0.973009,3,0.49857223,0.0798940864160671,True,28,,,"[np.int64(48), np.int64(67), np.int64(47)]",100,10,3,0.1,furthest_sum,projected_gradients,-1.9217572534881102
0.00689387321472168,42.83317565917969,0.9571668,4,0.5422815,0.10168790648404934,True,21,,,"[np.int64(77), np.int64(86), np.int64(44)]",100,10,3,0.1,furthest_sum,projected_gradients,-2.161536707967973
0.015182971954345703,34.140586853027344,0.9658594,0,0.388116,0.07119440222664927,True,25,,,"[np.int64(49), np.int64(91), np.int64(79)]",100,10,3,0.1,furthest_sum,frank_wolfe,-1.8186432101900938
0.011837005615234375,38.66930389404297,0.9613307,1,0.55912954,0.10727465606753711,True,22,,,"[np.int64(50), np.int64(83), np.int64(52)]",100,10,3,0.1,furthest_sum,frank_wolfe,-1.9267581463674959
0.014920949935913086,41.29143524169922,0.9587086,2,0.50254905,0.09166178070598303,True,26,,,"[np.int64(9), np.int64(88), np.int64(96)]",100,10,3,0.1,furthest_sum,frank_wolfe,-1.8262035268102357
0.017431974411010742,27.281448364257812,0.97271854,3,0.5013642,0.08034148315259859,True,27,,,"[np.int64(48), np.int64(67), np.int64(47)]",100,10,3,0.1,furthest_sum,frank_wolfe,-1.758653420277002
0.012664794921875,43.26335906982422,0.9567366,4,0.536626,0.10062738956909305,True,24,,,"[np.int64(77), np.int64(86), np.int64(44)]",100,10,3,0.1,furthest_sum,frank_wolfe,-1.8974018382476252
0.013992071151733398,33.923274993896484,0.96607673,0,0.40044883,0.07345668523182766,True,34,,,"[np.int64(8), np.int64(46), np.int64(32)]",100,10,3,0.1,plus_plus,projected_gradients,-1.8541179950726456
0.014023780822753906,38.566192626953125,0.9614338,1,0.5705295,0.10946185835662228,True,31,,,"[np.int64(8), np.int64(49), np.int64(27)]",100,10,3,0.1,plus_plus,projected_gradients,-1.8531348844365358
0.015413045883178711,40.66958236694336,0.95933044,2,0.50992554,0.09300720637383152,True,34,,,"[np.int64(8), np.int64(49), np.int64(20)]",100,10,3,0.1,plus_plus,projected_gradients,-1.8121115287349625
0.011723995208740234,26.98322105407715,0.9730168,3,0.4998697,0.08010200110962226,True,28,,,"[np.int64(8), np.int64(47), np.int64(24)]",100,10,3,0.1,plus_plus,projected_gradients,-1.9309243677172343
0.011924028396606445,42.8349609375,0.95716506,4,0.5425721,0.10174239427925624,True,29,,,"[np.int64(8), np.int64(39), np.int64(30)]",100,10,3,0.1,plus_plus,projected_gradients,-1.9235769983828823
0.018886804580688477,33.94420623779297,0.9660558,0,0.38742742,0.07106809145741656,True,29,,,"[np.int64(8), np.int64(46), np.int64(32)]",100,10,3,0.1,plus_plus,frank_wolfe,-1.7238415132461529
0.016576051712036133,38.746585845947266,0.9612534,1,0.5541472,0.10631874139983538,True,27,,,"[np.int64(8), np.int64(49), np.int64(27)]",100,10,3,0.1,plus_plus,frank_wolfe,-1.7805189070713892
0.020712852478027344,40.91111373901367,0.95908886,2,0.5023524,0.09162591558903424,True,32,,,"[np.int64(8), np.int64(49), np.int64(20)]",100,10,3,0.1,plus_plus,frank_wolfe,-1.6837600879650145
0.014346122741699219,27.130815505981445,0.9728692,3,0.5079958,0.08140417098818051,True,27,,,"[np.int64(8), np.int64(47), np.int64(24)]",100,10,3,0.1,plus_plus,frank_wolfe,-1.8432654577739238
0.01798701286315918,42.978702545166016,0.9570213,4,0.5362286,0.10055287261921726,True,27,,,"[np.int64(8), np.int64(39), np.int64(30)]",100,10,3,0.1,plus_plus,frank_wolfe,-1.7450409547624512
0.03306889533996582,73.20216369628906,0.92679787,0,1.7374011,0.35558793509952513,True,69,,,"[np.int64(99), np.int64(85), np.int64(42), np.int64(62), np.int64(8), np.int64(73), np.int64(97)]",100,10,7,0.0,uniform,projected_gradients,-1.4805803123669163
0.012900114059448242,69.746337890625,0.9302537,1,1.7527746,0.38350260083779564,True,26,,,"[np.int64(99), np.int64(85), np.int64(42), np.int64(62), np.int64(8), np.int64(73), np.int64(97)]",100,10,7,0.0,uniform,projected_gradients,-1.8894064497650929
0.02184295654296875,83.39159393310547,0.9166084,2,1.7297556,0.35429015615416526,True,41,,,"[np.int64(99), np.int64(85), np.int64(42), np.int64(62), np.int64(8), np.int64(73), np.int64(97)]",100,10,7,0.0,uniform,projected_gradients,-1.6606885782660816
0.013848066329956055,69.25047302246094,0.93074954,3,1.8880208,0.3367676622467676,True,29,,,"[np.int64(99), np.int64(85), np.int64(42), np.int64(62), np.int64(8), np.int64(73), np.int64(97)]",100,10,7,0.0,uniform,projected_gradients,-1.8586108649286686
0.013180732727050781,128.93646240234375,0.87106353,4,2.2068274,0.4328047549804221,True,29,,,"[np.int64(99), np.int64(85), np.int64(42), np.int64(62), np.int64(8), np.int64(73), np.int64(97)]",100,10,7,0.0,uniform,projected_gradients,-1.8800604463072819
0.019784927368164062,110.31936645507812,0.8896807,0,2.0539625,0.42037746002729426,True,30,,,"[np.int64(99), np.int64(85), np.int64(42), np.int64(62), np.int64(8), np.int64(73), np.int64(97)]",100,10,7,0.0,uniform,frank_wolfe,-1.7036655397200893
0.021197795867919922,68.44721221923828,0.9315528,1,1.7626516,0.38566365585324586,True,33,,,"[np.int64(99), np.int64(85), np.int64(42), np.int64(62), np.int64(8), np.int64(73), np.int64(97)]",100,10,7,0.0,uniform,frank_wolfe,-1.6737092943620382
0.021235227584838867,83.75711822509766,0.91624284,2,1.737032,0.3557805183990881,True,29,,,"[np.int64(99), np.int64(85), np.int64(42), np.int64(62), np.int64(8), np.int64(73), np.int64(97)]",100,10,7,0.0,uniform,frank_wolfe,-1.6729430801731822
0.02323603630065918,69.54278564453125,0.93045723,3,1.891571,0.3374009302967077,True,32,,,"[np.int64(99), np.int64(85), np.int64(42), np.int64(62), np.int64(8), np.int64(73), np.int64(97)]",100,10,7,0.0,uniform,frank_wolfe,-1.6338379537157066
0.03141522407531738,78.70765686035156,0.92129236,4,1.8342565,0.35973585754554976,True,46,,,"[np.int64(99), np.int64(85), np.int64(42), np.int64(62), np.int64(8), np.int64(73), np.int64(97)]",100,10,7,0.0,uniform,frank_wolfe,-1.5028598382454537
0.01506805419921875,112.6447525024414,0.8873552,0,2.0257204,0.41459724390688657,True,29,,,"[np.int64(22), np.int64(94), np.int64(98), np.int64(54), np.int64(89), np.int64(73), np.int64(71)]",100,10,7,0.0,furthest_sum,projected_gradients,-1.8219428263252013
0.009591102600097656,115.0405044555664,0.88495946,1,2.01899,0.44174985934357763,True,22,,,"[np.int64(77), np.int64(24), np.int64(76), np.int64(29), np.int64(25), np.int64(71), np.int64(38)]",100,10,7,0.0,furthest_sum,projected_gradients,-2.0181314631512914
0.024868011474609375,83.29530334472656,0.9167047,2,1.7309854,0.3545420373599292,True,54,,,"[np.int64(6), np.int64(28), np.int64(12), np.int64(88), np.int64(11), np.int64(21), np.int64(27)]",100,10,7,0.0,furthest_sum,projected_gradients,-1.6043589409114745
0.021154165267944336,69.24900817871094,0.93075097,3,1.8895512,0.3370406424101257,True,42,,,"[np.int64(77), np.int64(60), np.int64(11), np.int64(39), np.int64(97), np.int64(56), np.int64(26)]",100,10,7,0.0,furthest_sum,projected_gradients,-1.6746041070227344
0.01069784164428711,78.3880844116211,0.92161196,4,1.8322245,0.3593373319317308,True,24,,,"[np.int64(14), np.int64(11), np.int64(2), np.int64(51), np.int64(4), np.int64(42), np.int64(83)]",100,10,7,0.0,furthest_sum,projected_gradients,-1.970703835074512
0.04518008232116699,73.1570816040039,0.92684287,0,1.7370871,0.3555236703545517,True,72,,,"[np.int64(22), np.int64(94), np.int64(98), np.int64(54), np.int64(89), np.int64(73), np.int64(71)]",100,10,7,0.0,furthest_sum,frank_wolfe,-1.3450529821010033
0.026506900787353516,72.86214447021484,0.9271379,1,1.8431159,0.40326905279906194,True,33,,,"[np.int64(77), np.int64(24), np.int64(76), np.int64(29), np.int64(25), np.int64(71), np.int64(38)]",100,10,7,0.0,furthest_sum,frank_wolfe,-1.5766410474322654
0.03191971778869629,83.90637969970703,0.91609365,2,1.7369719,0.35576818803761945,True,46,,,"[np.int64(6), np.int64(28), np.int64(12), np.int64(88), np.int64(11), np.int64(21), np.int64(27)]",100,10,7,0.0,furthest_sum,frank_wolfe,-1.4959409570253726
0.02549290657043457,69.61307525634766,0.9303869,3,1.8959376,0.3381797891846688,True,36,,,"[np.int64(77), np.int64(60), np.int64(11), np.int64(39), np.int64(97), np.int64(56), np.int64(26)]",100,10,7,0.0,furthest_sum,frank_wolfe,-1.5935806456787376
0.016463756561279297,78.7958755493164,0.9212041,4,1.8325064,0.3593926242628749,True,26,,,"[np.int64(14), np.int64(11), np.int64(2), np.int64(51), np.int64(4), np.int64(42), np.int64(83)]",100,10,7,0.0,furthest_sum,frank_wolfe,-1.7834710641605245
0.01783609390258789,72.79117584228516,0.9272088,0,1.7385418,0.35582140106180726,True,31,,,"[np.int64(8), np.int64(49), np.int64(31), np.int64(32), np.int64(11), np.int64(61), np.int64(95)]",100,10,7,0.0,plus_plus,projected_gradients,-1.7487002498642332
0.01825690269470215,71.14702606201172,0.928853,1,1.7941196,0.39254878120136955,True,35,,,"[np.int64(8), np.int64(42), np.int64(27), np.int64(24), np.int64(10), np.int64(63), np.int64(91)]",100,10,7,0.0,plus_plus,projected_gradients,-1.738572899128976
0.020233869552612305,83.36707305908203,0.91663295,2,1.7343584,0.3552329038505351,True,37,,,"[np.int64(8), np.int64(35), np.int64(22), np.int64(21), np.int64(10), np.int64(54), np.int64(90)]",100,10,7,0.0,plus_plus,projected_gradients,-1.6939210542215957
0.01445913314819336,97.34123229980469,0.90265876,3,2.3456864,0.4184018293756737,True,27,,,"[np.int64(8), np.int64(42), np.int64(26), np.int64(22), np.int64(11), np.int64(57), np.int64(97)]",100,10,7,0.0,plus_plus,projected_gradients,-1.8398577430194294
0.01584935188293457,78.57129669189453,0.92142874,4,1.8320936,0.35931166132725034,True,30,,,"[np.int64(8), np.int64(38), np.int64(22), np.int64(24), np.int64(11), np.int64(51), np.int64(90)]",100,10,7,0.0,plus_plus,projected_gradients,-1.7999884924001808
0.021882295608520508,73.10806274414062,0.926892,0,1.7377542,0.3556602024399243,True,33,,,"[np.int64(8), np.int64(49), np.int64(31), np.int64(32), np.int64(11), np.int64(61), np.int64(95)]",100,10,7,0.0,plus_plus,frank_wolfe,-1.6599071193670982
0.01929020881652832,71.53572082519531,0.9284643,1,1.7924601,0.39218568410442695,True,29,,,"[np.int64(8), np.int64(42), np.int64(27), np.int64(24), np.int64(10), np.int64(63), np.int64(91)]",100,10,7,0.0,plus_plus,frank_wolfe,-1.7146630710925006
0.024913311004638672,83.96708679199219,0.9160329,2,1.7417727,0.35675149163577036,True,32,,,"[np.int64(8), np.int64(35), np.int64(22), np.int64(21), np.int64(10), np.int64(54), np.int64(90)]",100,10,7,0.0,plus_plus,frank_wolfe,-1.6035685504447335
0.041300058364868164,69.53567504882812,0.93046427,3,1.8965062,0.3382812158382923,True,64,,,"[np.int64(8), np.int64(42), np.int64(26), np.int64(22), np.int64(11), np.int64(57), np.int64(97)]",100,10,7,0.0,plus_plus,frank_wolfe,-1.3840493346021396
0.03267931938171387,78.70516967773438,0.9212948,4,1.8327974,0.35944969343003036,True,41,,,"[np.int64(8), np.int64(38), np.int64(22), np.int64(24), np.int64(11), np.int64(51), np.int64(90)]",100,10,7,0.0,plus_plus,frank_wolfe,-1.4857269971776903
0.02941727638244629,84.61360931396484,0.9153864,0,1.746302,0.3574096478740843,True,60,,,"[np.int64(99), np.int64(85), np.int64(42), np.int64(62), np.int64(8), np.int64(73), np.int64(97)]",100,10,7,0.05,uniform,projected_gradients,-1.531397539182597
0.012316226959228516,81.5630111694336,0.918437,1,1.7603843,0.38516758921387,True,24,,,"[np.int64(99), np.int64(85), np.int64(42), np.int64(62), np.int64(8), np.int64(73), np.int64(97)]",100,10,7,0.05,uniform,projected_gradients,-1.9095223166645545
0.021876096725463867,101.87237548828125,0.8981276,2,1.7715836,0.36285738896882547,True,45,,,"[np.int64(99), np.int64(85), np.int64(42), np.int64(62), np.int64(8), np.int64(73), np.int64(97)]",100,10,7,0.05,uniform,projected_gradients,-1.6600301650541027
0.016188859939575195,83.65777587890625,0.9163422,3,1.924023,0.3431894153356928,True,34,,,"[np.int64(99), np.int64(85), np.int64(42), np.int64(62), np.int64(8), np.int64(73), np.int64(97)]",100,10,7,0.05,uniform,projected_gradients,-1.790783734284612
0.014748096466064453,92.42462158203125,0.90757537,4,1.8437423,0.3615962048494807,True,31,,,"[np.int64(99), np.int64(85), np.int64(42), np.int64(62), np.int64(8), np.int64(73), np.int64(97)]",100,10,7,0.05,uniform,projected_gradients,-1.8312640303727785
0.03473210334777832,84.83434295654297,0.91516566,0,1.7479848,0.35775405225527085,True,50,,,"[np.int64(99), np.int64(85), np.int64(42), np.int64(62), np.int64(8), np.int64(73), np.int64(97)]",100,10,7,0.05,uniform,frank_wolfe,-1.459268915374135
0.015061140060424805,81.733154296875,0.91826683,1,1.7596515,0.3850072589319286,True,26,,,"[np.int64(99), np.int64(85), np.int64(42), np.int64(62), np.int64(8), np.int64(73), np.int64(97)]",100,10,7,0.05,uniform,frank_wolfe,-1.8221421527560482
0.023729801177978516,102.29904174804688,0.89770097,2,1.7738001,0.3633113904364461,True,33,,,"[np.int64(99), np.int64(85), np.int64(42), np.int64(62), np.int64(8), np.int64(73), np.int64(97)]",100,10,7,0.05,uniform,frank_wolfe,-1.6247059005381834
0.023200035095214844,84.11067962646484,0.9158893,3,1.9265279,0.34363620293442165,True,35,,,"[np.int64(99), np.int64(85), np.int64(42), np.int64(62), np.int64(8), np.int64(73), np.int64(97)]",100,10,7,0.05,uniform,frank_wolfe,-1.6345113581415736
0.026029109954833984,92.8551025390625,0.9071449,4,1.8475816,0.36234918586815185,True,36,,,"[np.int64(99), np.int64(85), np.int64(42), np.int64(62), np.int64(8), np.int64(73), np.int64(97)]",100,10,7,0.05,uniform,frank_wolfe,-1.5845406819988286
0.01600503921508789,113.15542602539062,0.8868446,0,2.0813258,0.4259778129358779,True,33,,,"[np.int64(22), np.int64(94), np.int64(98), np.int64(54), np.int64(89), np.int64(73), np.int64(71)]",100,10,7,0.05,furthest_sum,projected_gradients,-1.795743257422666
0.015437126159667969,82.65946960449219,0.9173405,1,1.8376391,0.40207073587320646,True,30,,,"[np.int64(77), np.int64(24), np.int64(76), np.int64(29), np.int64(25), np.int64(71), np.int64(38)]",100,10,7,0.05,furthest_sum,projected_gradients,-1.8114335465628464
0.016952991485595703,101.83516693115234,0.89816487,2,1.7720537,0.3629536878710679,True,36,,,"[np.int64(6), np.int64(28), np.int64(12), np.int64(88), np.int64(11), np.int64(21), np.int64(27)]",100,10,7,0.05,furthest_sum,projected_gradients,-1.7707536561007506
0.019840002059936523,83.93785095214844,0.9160621,3,1.928333,0.34395819534863975,True,45,,,"[np.int64(77), np.int64(60), np.int64(26), np.int64(71), np.int64(97), np.int64(39), np.int64(11)]",100,10,7,0.05,furthest_sum,projected_gradients,-1.7024582870901557
0.011740922927856445,92.34305572509766,0.9076569,4,1.8426936,0.3613905360811617,True,27,,,"[np.int64(14), np.int64(11), np.int64(46), np.int64(51), np.int64(4), np.int64(42), np.int64(83)]",100,10,7,0.05,furthest_sum,projected_gradients,-1.930297762822565
0.03928112983703613,84.8577651977539,0.9151422,0,1.7473814,0.35763057318377856,True,63,,,"[np.int64(22), np.int64(94), np.int64(98), np.int64(54), np.int64(89), np.int64(73), np.int64(71)]",100,10,7,0.05,furthest_sum,frank_wolfe,-1.4058160291607125
0.020435810089111328,83.03125,0.91696876,1,1.8544772,0.4057548633603804,True,30,,,"[np.int64(77), np.int64(24), np.int64(76), np.int64(29), np.int64(25), np.int64(71), np.int64(38)]",100,10,7,0.05,furthest_sum,frank_wolfe,-1.6896081418888853
0.03551316261291504,102.17138671875,0.8978286,2,1.7736444,0.3632795024125291,True,54,,,"[np.int64(6), np.int64(28), np.int64(12), np.int64(88), np.int64(11), np.int64(21), np.int64(27)]",100,10,7,0.05,furthest_sum,frank_wolfe,-1.4496106500251362
0.031332969665527344,84.14421844482422,0.91585577,3,1.9284534,0.34397967143253066,True,44,,,"[np.int64(77), np.int64(60), np.int64(26), np.int64(71), np.int64(97), np.int64(39), np.int64(11)]",100,10,7,0.05,furthest_sum,frank_wolfe,-1.5039984417530898
0.01934528350830078,92.78597259521484,0.90721405,4,1.8436483,0.36157778186557304,True,28,,,"[np.int64(14), np.int64(11), np.int64(46), np.int64(51), np.int64(4), np.int64(42), np.int64(83)]",100,10,7,0.05,furthest_sum,frank_wolfe,-1.7134249012392788
0.023953914642333984,84.56585693359375,0.9154341,0,1.744735,0.3570889341031366,True,42,,,"[np.int64(8), np.int64(49), np.int64(32), np.int64(33), np.int64(12), np.int64(63), np.int64(95)]",100,10,7,0.05,plus_plus,projected_gradients,-1.620623502348057
0.015202045440673828,82.7227783203125,0.9172772,1,1.8392792,0.4024295814920368,True,30,,,"[np.int64(8), np.int64(42), np.int64(27), np.int64(24), np.int64(10), np.int64(63), np.int64(91)]",100,10,7,0.05,plus_plus,projected_gradients,-1.8180979736451686
0.027047157287597656,101.80786895751953,0.8981921,2,1.7722331,0.3629904347899003,True,55,,,"[np.int64(8), np.int64(35), np.int64(22), np.int64(20), np.int64(11), np.int64(53), np.int64(93)]",100,10,7,0.05,plus_plus,projected_gradients,-1.5678783734108632
0.01333308219909668,83.71432495117188,0.91628563,3,1.9291786,0.34410901699521235,True,30,,,"[np.int64(8), np.int64(42), np.int64(26), np.int64(23), np.int64(11), np.int64(60), np.int64(97)]",100,10,7,0.05,plus_plus,projected_gradients,-1.8750694434347257
0.024525880813598633,92.46056365966797,0.9075394,4,1.8440248,0.3616516140777308,True,43,,,"[np.int64(8), np.int64(39), np.int64(23), np.int64(20), np.int64(7), np.int64(51), np.int64(88)]",100,10,7,0.05,plus_plus,projected_gradients,-1.6103753865732402
0.028831958770751953,84.90457153320312,0.91509545,0,1.74673,0.3574972372569448,True,39,,,"[np.int64(8), np.int64(49), np.int64(32), np.int64(33), np.int64(12), np.int64(63), np.int64(95)]",100,10,7,0.05,plus_plus,frank_wolfe,-1.5401258517348726
0.02048778533935547,82.93999481201172,0.91706,1,1.8527305,0.4053726998186519,True,30,,,"[np.int64(8), np.int64(42), np.int64(27), np.int64(24), np.int64(10), np.int64(63), np.int64(91)]",100,10,7,0.05,plus_plus,frank_wolfe,-1.6885049848335445
0.030456066131591797,102.44217681884766,0.8975578,2,1.775669,0.36369416880623684,True,40,,,"[np.int64(8), np.int64(35), np.int64(22), np.int64(20), np.int64(11), np.int64(53), np.int64(93)]",100,10,7,0.05,plus_plus,frank_wolfe,-1.5163261931757546
0.02275705337524414,84.14704895019531,0.91585296,3,1.9372817,0.34555437870452105,True,32,,,"[np.int64(8), np.int64(42), np.int64(26), np.int64(23), np.int64(11), np.int64(60), np.int64(97)]",100,10,7,0.05,plus_plus,frank_wolfe,-1.6428839718779007
0.02346205711364746,92.71192169189453,0.9072881,4,1.8449472,0.36183252403899624,True,34,,,"[np.int64(8), np.int64(39), np.int64(23), np.int64(20), np.int64(7), np.int64(51), np.int64(88)]",100,10,7,0.05,plus_plus,frank_wolfe,-1.6296339123424421
0.02434992790222168,117.96892547607422,0.8820311,0,1.7570323,0.3596057747626764,True,51,,,"[np.int64(99), np.int64(85), np.int64(42), np.int64(62), np.int64(8), np.int64(73), np.int64(97)]",100,10,7,0.1,uniform,projected_gradients,-1.6135023203513443
0.012205839157104492,117.48751068115234,0.8825125,1,1.7810265,0.3896840413516104,True,25,,,"[np.int64(99), np.int64(85), np.int64(42), np.int64(62), np.int64(8), np.int64(73), np.int64(97)]",100,10,7,0.1,uniform,projected_gradients,-1.913432357273266
0.01667499542236328,141.12594604492188,0.858874,2,1.796118,0.36788256063984853,True,33,,,"[np.int64(99), np.int64(85), np.int64(42), np.int64(62), np.int64(8), np.int64(73), np.int64(97)]",100,10,7,0.1,uniform,projected_gradients,-1.7779342766343604
0.018419981002807617,111.7767105102539,0.8882233,3,1.9631456,0.3501677392125834,True,43,,,"[np.int64(99), np.int64(85), np.int64(42), np.int64(62), np.int64(8), np.int64(73), np.int64(97)]",100,10,7,0.1,uniform,projected_gradients,-1.73471082204254
0.015918731689453125,123.26656341552734,0.8767335,4,1.8501216,0.362847331195715,True,35,,,"[np.int64(99), np.int64(85), np.int64(42), np.int64(62), np.int64(8), np.int64(73), np.int64(97)]",100,10,7,0.1,uniform,projected_gradients,-1.7980915372399526
0.030451059341430664,118.51663970947266,0.8814833,0,1.7633362,0.36089597369165966,True,45,,,"[np.int64(99), np.int64(85), np.int64(42), np.int64(62), np.int64(8), np.int64(73), np.int64(97)]",100,10,7,0.1,uniform,frank_wolfe,-1.5163975943895547
0.021544218063354492,118.91427612304688,0.88108575,1,1.792828,0.3922661752789952,True,31,,,"[np.int64(99), np.int64(85), np.int64(42), np.int64(62), np.int64(8), np.int64(73), np.int64(97)]",100,10,7,0.1,uniform,frank_wolfe,-1.6666692637911116
0.02166581153869629,141.23318481445312,0.85876685,2,1.7971529,0.3680945207743228,True,33,,,"[np.int64(99), np.int64(85), np.int64(42), np.int64(62), np.int64(8), np.int64(73), np.int64(97)]",100,10,7,0.1,uniform,frank_wolfe,-1.6642250389085471
0.02771782875061035,112.37779998779297,0.8876222,3,1.9763006,0.35251420338043626,True,42,,,"[np.int64(99), np.int64(85), np.int64(42), np.int64(62), np.int64(8), np.int64(73), np.int64(97)]",100,10,7,0.1,uniform,frank_wolfe,-1.5572407927673302
0.02289891242980957,123.53829956054688,0.87646174,4,1.8514189,0.3631017460572413,True,36,,,"[np.int64(99), np.int64(85), np.int64(42), np.int64(62), np.int64(8), np.int64(73), np.int64(97)]",100,10,7,0.1,uniform,frank_wolfe,-1.6401851437277375
0.012484312057495117,144.2269287109375,0.8557731,0,2.0742528,0.4245302214974703,True,29,,,"[np.int64(89), np.int64(94), np.int64(98), np.int64(54), np.int64(22), np.int64(73), np.int64(71)]",100,10,7,0.1,furthest_sum,projected_gradients,-1.9036353842589988
0.012047052383422852,116.5469970703125,0.883453,1,1.8527158,0.4053694916480518,True,27,,,"[np.int64(29), np.int64(76), np.int64(24), np.int64(77), np.int64(25), np.int64(71), np.int64(99)]",100,10,7,0.1,furthest_sum,projected_gradients,-1.9191192012393212
0.014765024185180664,140.9374237060547,0.85906255,2,1.7979174,0.3682511041566962,True,37,,,"[np.int64(88), np.int64(28), np.int64(21), np.int64(6), np.int64(11), np.int64(12), np.int64(27)]",100,10,7,0.1,furthest_sum,projected_gradients,-1.830765837321869
0.022510051727294922,111.80764770507812,0.88819236,3,1.9709445,0.35155883659903103,True,56,,,"[np.int64(77), np.int64(60), np.int64(26), np.int64(71), np.int64(97), np.int64(39), np.int64(11)]",100,10,7,0.1,furthest_sum,projected_gradients,-1.6476235070051248
0.011543035507202148,123.1989974975586,0.876801,4,1.8490735,0.362641779324502,True,28,,,"[np.int64(42), np.int64(11), np.int64(46), np.int64(51), np.int64(4), np.int64(14), np.int64(83)]",100,10,7,0.1,furthest_sum,projected_gradients,-1.9376799684183064
0.03247523307800293,118.38552856445312,0.8816145,0,1.7633334,0.36089541253405355,True,53,,,"[np.int64(89), np.int64(94), np.int64(98), np.int64(54), np.int64(22), np.int64(73), np.int64(71)]",100,10,7,0.1,furthest_sum,frank_wolfe,-1.4884477232687212
0.017480134963989258,116.8569107055664,0.88314307,1,1.8595144,0.40685698733360864,True,26,,,"[np.int64(29), np.int64(76), np.int64(24), np.int64(77), np.int64(25), np.int64(71), np.int64(99)]",100,10,7,0.1,furthest_sum,frank_wolfe,-1.7574552185042753
0.0239870548248291,141.25376892089844,0.8587462,2,1.798034,0.36827498354979793,True,36,,,"[np.int64(88), np.int64(28), np.int64(21), np.int64(6), np.int64(11), np.int64(12), np.int64(27)]",100,10,7,0.1,furthest_sum,frank_wolfe,-1.6200230722424755
0.031987905502319336,112.29061126708984,0.88770944,3,1.9761931,0.3524950237490802,True,47,,,"[np.int64(77), np.int64(60), np.int64(26), np.int64(71), np.int64(97), np.int64(39), np.int64(11)]",100,10,7,0.1,furthest_sum,frank_wolfe,-1.4950141956322
0.01884603500366211,123.48859405517578,0.8765114,4,1.8480444,0.3624399447812602,True,28,,,"[np.int64(42), np.int64(11), np.int64(46), np.int64(51), np.int64(4), np.int64(14), np.int64(83)]",100,10,7,0.1,furthest_sum,frank_wolfe,-1.7247800065807306
0.02036309242248535,117.85979461669922,0.8821402,0,1.756687,0.3595351177006251,True,37,,,"[np.int64(8), np.int64(49), np.int64(32), np.int64(34), np.int64(13), np.int64(64), np.int64(95)]",100,10,7,0.1,plus_plus,projected_gradients,-1.691156267590803
0.01411581039428711,122.77159881591797,0.8772284,1,1.7854122,0.39064362343598064,True,26,,,"[np.int64(8), np.int64(42), np.int64(27), np.int64(24), np.int64(9), np.int64(62), np.int64(92)]",100,10,7,0.1,plus_plus,projected_gradients,-1.8502941837824478
0.02500128746032715,140.87008666992188,0.85912985,2,1.7950437,0.36766251862488686,True,61,,,"[np.int64(8), np.int64(35), np.int64(22), np.int64(20), np.int64(11), np.int64(53), np.int64(92)]",100,10,7,0.1,plus_plus,projected_gradients,-1.6020376264272058
0.014288187026977539,123.64663696289062,0.8763533,3,2.1724007,0.3874927264825744,True,29,,,"[np.int64(8), np.int64(42), np.int64(26), np.int64(24), np.int64(12), np.int64(56), np.int64(96)]",100,10,7,0.1,plus_plus,projected_gradients,-1.8450228736674052
0.020884990692138672,123.25662994384766,0.8767434,4,1.8476495,0.3623624887588161,True,40,,,"[np.int64(8), np.int64(39), np.int64(23), np.int64(21), np.int64(7), np.int64(50), np.int64(87)]",100,10,7,0.1,plus_plus,projected_gradients,-1.680165713951827
0.026525259017944336,118.24919891357422,0.8817508,0,1.7621802,0.36065938476530895,True,36,,,"[np.int64(8), np.int64(49), np.int64(32), np.int64(34), np.int64(13), np.int64(64), np.int64(95)]",100,10,7,0.1,plus_plus,frank_wolfe,-1.5763403665401106
0.03130698204040527,117.05720520019531,0.8829428,1,1.7616593,0.38544654355995156,True,49,,,"[np.int64(8), np.int64(42), np.int64(27), np.int64(24), np.int64(9), np.int64(62), np.int64(92)]",100,10,7,0.1,plus_plus,frank_wolfe,-1.5043587958890188
0.03577709197998047,141.33578491210938,0.85866416,2,1.7986113,0.3683932329371103,True,60,,,"[np.int64(8), np.int64(35), np.int64(22), np.int64(20), np.int64(11), np.int64(53), np.int64(92)]",100,10,7,0.1,plus_plus,frank_wolfe,-1.4463949624934402
0.044219255447387695,112.2756118774414,0.8877244,3,1.970576,0.35149311127694505,True,75,,,"[np.int64(8), np.int64(42), np.int64(26), np.int64(24), np.int64(12), np.int64(56), np.int64(96)]",100,10,7,0.1,plus_plus,frank_wolfe,-1.3543885742361217
0.02449798583984375,123.63081359863281,0.87636924,4,1.8511906,0.3630569744656384,True,36,,,"[np.int64(8), np.int64(39), np.int64(23), np.int64(21), np.int64(7), np.int64(50), np.int64(87)]",100,10,7,0.1,plus_plus,frank_wolfe,-1.610869620721178
0.03640389442443848,5.707372188568115,0.9971463,0,0.6503384,0.08201783233362049,True,49,,,"[np.int64(65), np.int64(8), np.int64(76)]",100,20,3,0.0,uniform,projected_gradients,-1.4388521538077297
0.03902888298034668,1.6153347492218018,0.9991923,1,0.48002207,0.06805328712649401,True,54,,,"[np.int64(65), np.int64(8), np.int64(76)]",100,20,3,0.0,uniform,projected_gradients,-1.4086138781938635
0.03612685203552246,2.041714906692505,0.99897915,2,0.5677199,0.07571064505106283,True,48,,,"[np.int64(65), np.int64(8), np.int64(76)]",100,20,3,0.0,uniform,projected_gradients,-1.4421698796488085
0.023151874542236328,1.8158178329467773,0.9990921,3,0.47584,0.05651344853498933,True,38,,,"[np.int64(65), np.int64(8), np.int64(76)]",100,20,3,0.0,uniform,projected_gradients,-1.6354138396183557
0.026926755905151367,3.062436580657959,0.9984688,4,0.6242196,0.07610186645942836,True,40,,,"[np.int64(65), np.int64(8), np.int64(76)]",100,20,3,0.0,uniform,projected_gradients,-1.5698159665795308
0.07217001914978027,5.750922203063965,0.9971245,0,0.6556888,0.08269260272947052,True,54,,,"[np.int64(65), np.int64(8), np.int64(76)]",100,20,3,0.0,uniform,frank_wolfe,-1.1416431794653858
0.0746912956237793,1.6879146099090576,0.99915606,1,0.4808507,0.06817076208160416,True,49,,,"[np.int64(65), np.int64(8), np.int64(76)]",100,20,3,0.0,uniform,frank_wolfe,-1.1267300070577562
0.05705428123474121,2.046823501586914,0.9989766,2,0.5680848,0.0757593077593794,True,42,,,"[np.int64(65), np.int64(8), np.int64(76)]",100,20,3,0.0,uniform,frank_wolfe,-1.2437117614672832
0.06636595726013184,1.8671503067016602,0.9990664,3,0.46918657,0.055723249805512895,True,42,,,"[np.int64(65), np.int64(8), np.int64(76)]",100,20,3,0.0,uniform,frank_wolfe,-1.178054636977388
0.05991506576538086,3.081712245941162,0.99845916,4,0.6229564,0.07594786300874339,True,41,,,"[np.int64(65), np.int64(8), np.int64(76)]",100,20,3,0.0,uniform,frank_wolfe,-1.2224639596460989
0.014431953430175781,5.715632915496826,0.9971422,0,0.65272975,0.08231941745345007,True,29,,,"[np.int64(25), np.int64(86), np.int64(80)]",100,20,3,0.0,furthest_sum,projected_gradients,-1.840674881205287
0.028936147689819336,1.6153249740600586,0.9991923,1,0.47862747,0.06785557310964827,True,51,,,"[np.int64(5), np.int64(10), np.int64(88)]",100,20,3,0.0,furthest_sum,projected_gradients,-1.5385592876059238
0.005936145782470703,2.042778491973877,0.9989786,2,0.5667127,0.07557632580161275,True,10,,,"[np.int64(13), np.int64(25), np.int64(40)]",100,20,3,0.0,furthest_sum,projected_gradients,-2.226495442003768
0.013283252716064453,1.8126174211502075,0.9990937,3,0.47554186,0.056478039454265834,True,27,,,"[np.int64(59), np.int64(9), np.int64(25)]",100,20,3,0.0,furthest_sum,projected_gradients,-1.8766955647522439
0.00904393196105957,3.063897132873535,0.9984681,4,0.62415445,0.0760939239420123,True,21,,,"[np.int64(36), np.int64(90), np.int64(61)]",100,20,3,0.0,furthest_sum,projected_gradients,-2.0436427135809385
0.10818910598754883,6.001018047332764,0.9969995,0,0.65101993,0.08210378258935656,True,65,,,"[np.int64(25), np.int64(86), np.int64(80)]",100,20,3,0.0,furthest_sum,frank_wolfe,-0.9658164679511494
0.0863790512084961,1.7032451629638672,0.99914837,1,0.47661284,0.06756995568174416,True,57,,,"[np.int64(5), np.int64(10), np.int64(88)]",100,20,3,0.0,furthest_sum,frank_wolfe,-1.0635915705730494
0.10586881637573242,2.3023996353149414,0.9988488,2,0.56579196,0.07545354029763268,True,86,,,"[np.int64(13), np.int64(25), np.int64(40)]",100,20,3,0.0,furthest_sum,frank_wolfe,-0.9752319423502499
0.14264798164367676,1.9928275346755981,0.9990036,3,0.47371987,0.056261649054514556,True,94,,,"[np.int64(59), np.int64(9), np.int64(25)]",100,20,3,0.0,furthest_sum,frank_wolfe,-0.8457343688874867
0.04811429977416992,3.1717517375946045,0.9984141,4,0.61706084,0.07522910514951149,True,38,,,"[np.int64(36), np.int64(90), np.int64(61)]",100,20,3,0.0,furthest_sum,frank_wolfe,-1.3177258302777832
0.03550314903259277,5.705530166625977,0.9971472,0,0.65080136,0.08207621746885768,True,50,,,"[np.int64(8), np.int64(45), np.int64(28)]",100,20,3,0.0,plus_plus,projected_gradients,-1.4497331244991298
0.03177595138549805,1.6153255701065063,0.9991923,1,0.4801791,0.06807554923045299,True,49,,,"[np.int64(8), np.int64(44), np.int64(20)]",100,20,3,0.0,plus_plus,projected_gradients,-1.49790143761781
0.026661157608032227,2.047217845916748,0.99897635,2,0.5678697,0.0757306283977972,True,35,,,"[np.int64(8), np.int64(38), np.int64(19)]",100,20,3,0.0,plus_plus,projected_gradients,-1.5741209977628916
0.03131389617919922,1.8125169277191162,0.9990938,3,0.47545567,0.05646780324260526,True,51,,,"[np.int64(8), np.int64(48), np.int64(25)]",100,20,3,0.0,plus_plus,projected_gradients,-1.5042628926560109
0.02174830436706543,3.068114757537842,0.99846596,4,0.62452227,0.07613876682853978,True,35,,,"[np.int64(8), np.int64(47), np.int64(30)]",100,20,3,0.0,plus_plus,projected_gradients,-1.6625745976855917
0.06896090507507324,5.727575778961182,0.99713624,0,0.6561652,0.08275267920697994,True,52,,,"[np.int64(8), np.int64(45), np.int64(28)]",100,20,3,0.0,plus_plus,frank_wolfe,-1.1613970472626562
0.05556488037109375,1.6345654726028442,0.99918276,1,0.47850946,0.06783884167452252,True,42,,,"[np.int64(8), np.int64(44), np.int64(20)]",100,20,3,0.0,plus_plus,frank_wolfe,-1.2551996163334098
0.04510188102722168,2.049605369567871,0.9989752,2,0.56717366,0.07563780201626816,True,33,,,"[np.int64(8), np.int64(38), np.int64(19)]",100,20,3,0.0,plus_plus,frank_wolfe,-1.345805344979974
0.07111120223999023,1.8380444049835205,0.999081,3,0.47315428,0.056194476570111264,True,47,,,"[np.int64(8), np.int64(48), np.int64(25)]",100,20,3,0.0,plus_plus,frank_wolfe,-1.1480619789074753
0.050161123275756836,3.1385889053344727,0.9984307,4,0.62627876,0.07635290959682343,True,39,,,"[np.int64(8), np.int64(47), np.int64(30)]",100,20,3,0.0,plus_plus,frank_wolfe,-1.2996327467586657
0.024736881256103516,28.283090591430664,0.98585844,0,0.78859854,0.09945459394027843,True,38,,,"[np.int64(65), np.int64(8), np.int64(76)]",100,20,3,0.05,uniform,projected_gradients,-1.6066550556625816
0.021976709365844727,28.8835506439209,0.9855582,1,0.55749774,0.07903710247687526,True,35,,,"[np.int64(65), np.int64(8), np.int64(76)]",100,20,3,0.05,uniform,projected_gradients,-1.6580373351719526
0.026824951171875,29.79258155822754,0.9851037,2,0.7029443,0.09374405750908416,True,34,,,"[np.int64(65), np.int64(8), np.int64(76)]",100,20,3,0.05,uniform,projected_gradients,-1.571461059885946
0.019457101821899414,18.97236442565918,0.9905138,3,0.61568815,0.07312260452479644,True,32,,,"[np.int64(65), np.int64(8), np.int64(76)]",100,20,3,0.05,uniform,projected_gradients,-1.7109218483684014
0.017343997955322266,23.52553367614746,0.98823726,4,0.7519998,0.09168021693197338,True,30,,,"[np.int64(65), np.int64(8), np.int64(76)]",100,20,3,0.05,uniform,projected_gradients,-1.7608507863405256
0.04133796691894531,28.5217342376709,0.9857391,0,0.7852748,0.099035419188607,True,37,,,"[np.int64(65), np.int64(8), np.int64(76)]",100,20,3,0.05,uniform,frank_wolfe,-1.3836508866249302
0.037935733795166016,29.034238815307617,0.98548293,1,0.56689274,0.0803690430159611,True,33,,,"[np.int64(65), np.int64(8), np.int64(76)]",100,20,3,0.05,uniform,frank_wolfe,-1.4209515109116508
0.034706830978393555,29.875900268554688,0.98506206,2,0.7104864,0.09474987006373055,True,34,,,"[np.int64(65), np.int64(8), np.int64(76)]",100,20,3,0.05,uniform,frank_wolfe,-1.4595850392075302
0.03805208206176758,19.15435791015625,0.99042284,3,0.6090093,0.07232939014790132,True,31,,,"[np.int64(65), np.int64(8), np.int64(76)]",100,20,3,0.05,uniform,frank_wolfe,-1.4196215753402344
0.03449583053588867,23.685405731201172,0.9881573,4,0.73570305,0.08969339583700893,True,32,,,"[np.int64(65), np.int64(8), np.int64(76)]",100,20,3,0.05,uniform,frank_wolfe,-1.4622333943378738
0.011421918869018555,28.284799575805664,0.9858576,0,0.7814774,0.0985565062278806,True,23,,,"[np.int64(25), np.int64(86), np.int64(80)]",100,20,3,0.05,furthest_sum,projected_gradients,-1.9422609289955066
0.013254165649414062,28.89690399169922,0.9855516,1,0.55790466,0.07909479212718003,True,27,,,"[np.int64(5), np.int64(0), np.int64(88)]",100,20,3,0.05,furthest_sum,projected_gradients,-1.8776476059361917
0.014142990112304688,29.78346824645996,0.98510826,2,0.70564395,0.09410408365213908,True,23,,,"[np.int64(13), np.int64(25), np.int64(40)]",100,20,3,0.05,furthest_sum,projected_gradients,-1.849458762251242
0.013562917709350586,18.9879150390625,0.99050605,3,0.609001,0.07232839909006421,True,27,,,"[np.int64(59), np.int64(9), np.int64(25)]",100,20,3,0.05,furthest_sum,projected_gradients,-1.8676468732444487
0.010799884796142578,23.51651954650879,0.98824173,4,0.74707323,0.09107959402757496,True,21,,,"[np.int64(36), np.int64(90), np.int64(61)]",100,20,3,0.05,furthest_sum,projected_gradients,-1.9665808771673488
0.04281902313232422,28.73711585998535,0.98563147,0,0.783659,0.0988316387545726,True,36,,,"[np.int64(25), np.int64(86), np.int64(80)]",100,20,3,0.05,furthest_sum,frank_wolfe,-1.368363244866907
0.025450944900512695,29.21683120727539,0.9853916,1,0.55553794,0.07875925925115079,True,24,,,"[np.int64(5), np.int64(0), np.int64(88)]",100,20,3,0.05,furthest_sum,frank_wolfe,-1.5942960892619635
0.0408170223236084,30.335908889770508,0.98483205,2,0.6947215,0.0926474773186542,True,34,,,"[np.int64(13), np.int64(25), np.int64(40)]",100,20,3,0.05,furthest_sum,frank_wolfe,-1.3891586810406942
0.04227304458618164,19.467071533203125,0.9902665,3,0.60429555,0.0717695557336796,True,37,,,"[np.int64(59), np.int64(9), np.int64(25)]",100,20,3,0.05,furthest_sum,frank_wolfe,-1.37393647231856
0.02750372886657715,23.809370040893555,0.98809534,4,0.7497991,0.09141191535097067,True,25,,,"[np.int64(36), np.int64(90), np.int64(61)]",100,20,3,0.05,furthest_sum,frank_wolfe,-1.5606084219371932
0.025924205780029297,28.356460571289062,0.9858218,0,0.7704696,0.0971682524908385,True,36,,,"[np.int64(8), np.int64(43), np.int64(29)]",100,20,3,0.05,plus_plus,projected_gradients,-1.5862945398814188
0.019330978393554688,28.90093421936035,0.98554957,1,0.5576757,0.07906233483308005,True,31,,,"[np.int64(8), np.int64(45), np.int64(32)]",100,20,3,0.05,plus_plus,projected_gradients,-1.7137461645866152
0.023298978805541992,29.81425666809082,0.9850929,2,0.70054454,0.09342402985479906,True,31,,,"[np.int64(8), np.int64(39), np.int64(20)]",100,20,3,0.05,plus_plus,projected_gradients,-1.6326631136880243
0.02054882049560547,18.975669860839844,0.99051213,3,0.62228864,0.0739065171159917,True,34,,,"[np.int64(8), np.int64(48), np.int64(25)]",100,20,3,0.05,plus_plus,projected_gradients,-1.6872131016200924
0.01828789710998535,23.517578125,0.9882412,4,0.74743557,0.09112376837649742,True,30,,,"[np.int64(8), np.int64(47), np.int64(30)]",100,20,3,0.05,plus_plus,projected_gradients,-1.7378362303374257
0.03819704055786133,28.50379753112793,0.9857481,0,0.79624444,0.10041886199651923,True,36,,,"[np.int64(8), np.int64(43), np.int64(29)]",100,20,3,0.05,plus_plus,frank_wolfe,-1.417970284187226
0.03006577491760254,28.9946231842041,0.98550266,1,0.5557452,0.07878864066525797,True,29,,,"[np.int64(8), np.int64(45), np.int64(32)]",100,20,3,0.05,plus_plus,frank_wolfe,-1.5219275981347422
0.03421306610107422,29.82526969909668,0.98508734,2,0.698664,0.09317324441746032,True,32,,,"[np.int64(8), np.int64(39), np.int64(20)]",100,20,3,0.05,plus_plus,frank_wolfe,-1.4658080035375751
0.038062095642089844,19.136144638061523,0.99043196,3,0.61673063,0.07324641596459132,True,33,,,"[np.int64(8), np.int64(48), np.int64(25)]",100,20,3,0.05,plus_plus,frank_wolfe,-1.4195073037857266
0.03565573692321777,23.76540184020996,0.98811734,4,0.7394288,0.09014762353933595,True,33,,,"[np.int64(8), np.int64(47), np.int64(30)]",100,20,3,0.05,plus_plus,frank_wolfe,-1.4478705832413867
0.017889022827148438,84.56997680664062,0.95771503,0,0.929476,0.11722144542186053,True,31,,,"[np.int64(65), np.int64(8), np.int64(76)]",100,20,3,0.1,uniform,projected_gradients,-1.747413381756149
0.022073745727539062,101.81351470947266,0.9490933,1,0.7093505,0.10056544850338937,True,32,,,"[np.int64(65), np.int64(8), np.int64(76)]",100,20,3,0.1,uniform,projected_gradients,-1.6561239644926096
0.02035212516784668,96.25764465332031,0.95187116,2,0.7840462,0.10455973789929238,True,29,,,"[np.int64(65), np.int64(8), np.int64(76)]",100,20,3,0.1,uniform,projected_gradients,-1.6913902350638164
0.01691412925720215,64.8745346069336,0.96756274,3,0.74038714,0.08793256226165982,True,29,,,"[np.int64(65), np.int64(8), np.int64(76)]",100,20,3,0.1,uniform,projected_gradients,-1.7717503548683708
0.017017126083374023,74.43762969970703,0.9627812,4,0.8605711,0.10491670924101404,True,29,,,"[np.int64(65), np.int64(8), np.int64(76)]",100,20,3,0.1,uniform,projected_gradients,-1.7691137833536819
0.030344724655151367,85.02122497558594,0.9574894,0,0.93997335,0.11854532291348337,True,31,,,"[np.int64(65), np.int64(8), np.int64(76)]",100,20,3,0.1,uniform,frank_wolfe,-1.5179167988982105
0.03195071220397949,101.95260620117188,0.94902366,1,0.70583296,0.10006675878422484,True,31,,,"[np.int64(65), np.int64(8), np.int64(76)]",100,20,3,0.1,uniform,frank_wolfe,-1.4955194566664283
0.029660940170288086,96.58068084716797,0.9517096,2,0.78344774,0.10447993169355924,True,29,,,"[np.int64(65), np.int64(8), np.int64(76)]",100,20,3,0.1,uniform,frank_wolfe,-1.527815087147929
0.032933950424194336,64.9937744140625,0.96750313,3,0.74437696,0.08840641532952657,True,29,,,"[np.int64(65), np.int64(8), np.int64(76)]",100,20,3,0.1,uniform,frank_wolfe,-1.4823561725820857
0.02921605110168457,74.74723052978516,0.9626264,4,0.86389804,0.10532231536600263,True,28,,,"[np.int64(65), np.int64(8), np.int64(76)]",100,20,3,0.1,uniform,frank_wolfe,-1.5343784845222936
0.011148929595947266,84.53944396972656,0.9577303,0,0.93075293,0.11738248375740662,True,22,,,"[np.int64(25), np.int64(86), np.int64(80)]",100,20,3,0.1,furthest_sum,projected_gradients,-1.9527668270453102
0.014938116073608398,101.68115997314453,0.94915944,1,0.7052143,0.09997905395333086,True,25,,,"[np.int64(5), np.int64(0), np.int64(88)]",100,20,3,0.1,furthest_sum,projected_gradients,-1.825704170286784
0.012613058090209961,96.2093734741211,0.9518953,2,0.7836936,0.10451272059780717,True,23,,,"[np.int64(13), np.int64(25), np.int64(40)]",100,20,3,0.1,furthest_sum,projected_gradients,-1.8991796040940765
0.011211633682250977,64.80824279785156,0.9675959,3,0.7531119,0.08944382635748882,True,23,,,"[np.int64(59), np.int64(9), np.int64(25)]",100,20,3,0.1,furthest_sum,projected_gradients,-1.9503311003851698
0.01659107208251953,74.43485260009766,0.9627826,4,0.85825515,0.10463436110359296,True,22,,,"[np.int64(36), np.int64(26), np.int64(61)]",100,20,3,0.1,furthest_sum,projected_gradients,-1.780125549811746
0.03801298141479492,85.4039077758789,0.95729804,0,0.9433694,0.11897361587927127,True,25,,,"[np.int64(25), np.int64(86), np.int64(80)]",100,20,3,0.1,furthest_sum,frank_wolfe,-1.4200680666974657
0.03457283973693848,102.28532409667969,0.94885737,1,0.7020486,0.09953024588141242,True,23,,,"[np.int64(5), np.int64(0), np.int64(88)]",100,20,3,0.1,furthest_sum,frank_wolfe,-1.4612649469999273
0.03735184669494629,96.89562225341797,0.95155215,2,0.78125733,0.10418782031363019,True,24,,,"[np.int64(13), np.int64(25), np.int64(40)]",100,20,3,0.1,furthest_sum,frank_wolfe,-1.4276879215701694
0.036720991134643555,65.29667663574219,0.9673517,3,0.7204132,0.08556034498576837,True,26,,,"[np.int64(59), np.int64(9), np.int64(25)]",100,20,3,0.1,furthest_sum,frank_wolfe,-1.435085605289493
0.041033267974853516,75.04853057861328,0.9624757,4,0.8441817,0.10291859567389536,True,24,,,"[np.int64(36), np.int64(26), np.int64(61)]",100,20,3,0.1,furthest_sum,frank_wolfe,-1.3868638935393551
0.01842188835144043,84.58325958251953,0.95770836,0,0.9320361,0.1175443113860131,True,28,,,"[np.int64(8), np.int64(43), np.int64(29)]",100,20,3,0.1,plus_plus,projected_gradients,-1.734665854129589
0.03069591522216797,101.77330780029297,0.94911337,1,0.70075345,0.09934663105623703,True,36,,,"[np.int64(8), np.int64(45), np.int64(30)]",100,20,3,0.1,plus_plus,projected_gradients,-1.5129194132688057
0.022832155227661133,96.3782730102539,0.95181084,2,0.78138715,0.1042051328550731,True,30,,,"[np.int64(8), np.int64(39), np.int64(21)]",100,20,3,0.1,plus_plus,projected_gradients,-1.6414530916064647
0.017834186553955078,64.79350280761719,0.96760327,3,0.7357057,0.08737656465706467,True,28,,,"[np.int64(8), np.int64(49), np.int64(28)]",100,20,3,0.1,plus_plus,projected_gradients,-1.7487466947464423
0.0177462100982666,74.40714263916016,0.96279645,4,0.8580112,0.10460461844688303,True,26,,,"[np.int64(8), np.int64(47), np.int64(30)]",100,20,3,0.1,plus_plus,projected_gradients,-1.7508943811526059
0.03181123733520508,84.93387603759766,0.95753306,0,0.9277127,0.11699906022283164,True,30,,,"[np.int64(8), np.int64(43), np.int64(29)]",100,20,3,0.1,plus_plus,frank_wolfe,-1.497419438173337
0.03377079963684082,102.15681457519531,0.94892156,1,0.7110589,0.10080764870216415,True,34,,,"[np.int64(8), np.int64(45), np.int64(30)]",100,20,3,0.1,plus_plus,frank_wolfe,-1.4714586558657439
0.0336918830871582,96.65573120117188,0.95167214,2,0.7901325,0.10537140834548993,True,32,,,"[np.int64(8), np.int64(39), np.int64(21)]",100,20,3,0.1,plus_plus,frank_wolfe,-1.472474715005614
0.033447980880737305,65.14142608642578,0.9674293,3,0.73648053,0.08746859145622611,True,28,,,"[np.int64(8), np.int64(49), np.int64(28)]",100,20,3,0.1,plus_plus,frank_wolfe,-1.475630093705449
0.02820611000061035,74.64945983886719,0.9626753,4,0.86320704,0.10523807236105802,True,27,,,"[np.int64(8), np.int64(47), np.int64(30)]",100,20,3,0.1,plus_plus,frank_wolfe,-1.5496568047258799
0.02225208282470703,149.12757873535156,0.9254362,0,2.27125,0.33369557378719716,True,28,,,"[np.int64(99), np.int64(85), np.int64(42), np.int64(62), np.int64(8), np.int64(73), np.int64(97)]",100,20,7,0.0,uniform,projected_gradients,-1.65262933223623
0.02900099754333496,176.7650146484375,0.91161746,1,2.5777326,0.37260212314162844,True,37,,,"[np.int64(99), np.int64(85), np.int64(42), np.int64(62), np.int64(8), np.int64(73), np.int64(97)]",100,20,7,0.0,uniform,projected_gradients,-1.5375870634763917
0.01811695098876953,178.7329559326172,0.91063356,2,2.617579,0.3705582149488012,True,26,,,"[np.int64(99), np.int64(85), np.int64(42), np.int64(62), np.int64(8), np.int64(73), np.int64(97)]",100,20,7,0.0,uniform,projected_gradients,-1.74191489055394
0.015229940414428711,179.28567504882812,0.9103572,3,2.5530856,0.35820178455318863,True,25,,,"[np.int64(99), np.int64(85), np.int64(42), np.int64(62), np.int64(8), np.int64(73), np.int64(97)]",100,20,7,0.0,uniform,projected_gradients,-1.8173017957930075
0.017323017120361328,215.12437438964844,0.89243776,4,2.8455846,0.3837935840942209,True,25,,,"[np.int64(99), np.int64(85), np.int64(42), np.int64(62), np.int64(8), np.int64(73), np.int64(97)]",100,20,7,0.0,uniform,projected_gradients,-1.7613764654012618
0.035507917404174805,149.70127868652344,0.9251493,0,2.2728562,0.3339315629973569,True,29,,,"[np.int64(99), np.int64(85), np.int64(42), np.int64(62), np.int64(8), np.int64(73), np.int64(97)]",100,20,7,0.0,uniform,frank_wolfe,-1.449674799013462
0.04059195518493652,177.31187438964844,0.91134405,1,2.5770946,0.3725099013252003,True,36,,,"[np.int64(99), np.int64(85), np.int64(42), np.int64(62), np.int64(8), np.int64(73), np.int64(97)]",100,20,7,0.0,uniform,frank_wolfe,-1.3915600295997173
0.03406214714050293,179.65216064453125,0.91017395,2,2.619717,0.37086086720495587,True,27,,,"[np.int64(99), np.int64(85), np.int64(42), np.int64(62), np.int64(8), np.int64(73), np.int64(97)]",100,20,7,0.0,uniform,frank_wolfe,-1.4677279793363822
0.027106046676635742,179.74559020996094,0.9101272,3,2.54969,0.3577253826895326,True,27,,,"[np.int64(99), np.int64(85), np.int64(42), np.int64(62), np.int64(8), np.int64(73), np.int64(97)]",100,20,7,0.0,uniform,frank_wolfe,-1.566933818152404
0.02491593360900879,216.05296325683594,0.8919735,4,2.8475277,0.38405565807646586,True,27,,,"[np.int64(99), np.int64(85), np.int64(42), np.int64(62), np.int64(8), np.int64(73), np.int64(97)]",100,20,7,0.0,uniform,frank_wolfe,-1.6035228350173358
0.023184776306152344,149.14968872070312,0.9254252,0,2.2706878,0.3336129758121999,True,33,,,"[np.int64(85), np.int64(17), np.int64(59), np.int64(45), np.int64(94), np.int64(92), np.int64(50)]",100,20,7,0.0,furthest_sum,projected_gradients,-1.6347970899546047
0.03417181968688965,176.70738220214844,0.9116463,1,2.577778,0.3726087054910073,True,45,,,"[np.int64(31), np.int64(10), np.int64(17), np.int64(56), np.int64(65), np.int64(87), np.int64(0)]",100,20,7,0.0,furthest_sum,projected_gradients,-1.4663318939278116
0.017527103424072266,178.65286254882812,0.9106736,2,2.6175942,0.3705603750630416,True,26,,,"[np.int64(24), np.int64(45), np.int64(21), np.int64(92), np.int64(83), np.int64(11), np.int64(89)]",100,20,7,0.0,furthest_sum,projected_gradients,-1.7562898506422913
0.017136096954345703,179.0211181640625,0.91048944,3,2.550631,0.3578574117694266,True,28,,,"[np.int64(42), np.int64(20), np.int64(89), np.int64(81), np.int64(18), np.int64(30), np.int64(56)]",100,20,7,0.0,furthest_sum,projected_gradients,-1.7660880893099427
0.020390033721923828,215.2873992919922,0.8923563,4,2.8488667,0.38423624795183864,True,29,,,"[np.int64(45), np.int64(35), np.int64(96), np.int64(7), np.int64(77), np.int64(22), np.int64(58)]",100,20,7,0.0,furthest_sum,projected_gradients,-1.6905820559661795
0.04210209846496582,149.50685119628906,0.9252466,0,2.2729585,0.33394659036430935,True,36,,,"[np.int64(85), np.int64(17), np.int64(59), np.int64(45), np.int64(94), np.int64(92), np.int64(50)]",100,20,7,0.0,furthest_sum,frank_wolfe,-1.3756962573937184
0.05597519874572754,177.83029174804688,0.91108483,1,2.5791419,0.37280583134675055,True,47,,,"[np.int64(31), np.int64(10), np.int64(17), np.int64(56), np.int64(65), np.int64(87), np.int64(0)]",100,20,7,0.0,furthest_sum,frank_wolfe,-1.2520043557387572
0.033972978591918945,179.43115234375,0.91028446,2,2.6192098,0.3707890771582467,True,28,,,"[np.int64(24), np.int64(45), np.int64(21), np.int64(92), np.int64(83), np.int64(11), np.int64(89)]",100,20,7,0.0,furthest_sum,frank_wolfe,-1.468866374551085
0.029531240463256836,179.62640380859375,0.9101868,3,2.5518126,0.3580231923926733,True,29,,,"[np.int64(42), np.int64(20), np.int64(89), np.int64(81), np.int64(18), np.int64(30), np.int64(56)]",100,20,7,0.0,furthest_sum,frank_wolfe,-1.529718310060568
0.029329776763916016,215.9100799560547,0.89204496,4,2.8474653,0.38404723312145383,True,30,,,"[np.int64(45), np.int64(35), np.int64(96), np.int64(7), np.int64(77), np.int64(22), np.int64(58)]",100,20,7,0.0,furthest_sum,frank_wolfe,-1.5326912425280872
0.02649402618408203,149.08096313476562,0.9254595,0,2.26973,0.3334722650125544,True,35,,,"[np.int64(8), np.int64(45), np.int64(26), np.int64(24), np.int64(13), np.int64(54), np.int64(90)]",100,20,7,0.0,plus_plus,projected_gradients,-1.5768520388087177
0.019515275955200195,176.76724243164062,0.9116164,1,2.5774667,0.3725636973847834,True,27,,,"[np.int64(8), np.int64(45), np.int64(27), np.int64(29), np.int64(7), np.int64(59), np.int64(92)]",100,20,7,0.0,plus_plus,projected_gradients,-1.7096253032106414
0.01993703842163086,178.70803833007812,0.910646,2,2.6165488,0.3704123734857875,True,28,,,"[np.int64(8), np.int64(43), np.int64(23), np.int64(22), np.int64(9), np.int64(65), np.int64(92)]",100,20,7,0.0,plus_plus,projected_gradients,-1.7003393541822762
0.029398202896118164,179.01365661621094,0.9104932,3,2.55045,0.3578320228483119,True,39,,,"[np.int64(8), np.int64(42), np.int64(25), np.int64(27), np.int64(5), np.int64(57), np.int64(91)]",100,20,7,0.0,plus_plus,projected_gradients,-1.5316792170760682
0.017012834548950195,282.2180480957031,0.85889095,4,3.17789,0.4286127369424765,True,24,,,"[np.int64(8), np.int64(45), np.int64(28), np.int64(27), np.int64(11), np.int64(61), np.int64(96)]",100,20,7,0.0,plus_plus,projected_gradients,-1.7692233215191346
0.04376816749572754,149.9446258544922,0.9250277,0,2.2726228,0.33389726977533724,True,39,,,"[np.int64(8), np.int64(45), np.int64(26), np.int64(24), np.int64(13), np.int64(54), np.int64(90)]",100,20,7,0.0,plus_plus,frank_wolfe,-1.3588416362325286
0.030372142791748047,177.736572265625,0.9111317,1,2.579657,0.3728803049436494,True,28,,,"[np.int64(8), np.int64(45), np.int64(27), np.int64(29), np.int64(7), np.int64(59), np.int64(92)]",100,20,7,0.0,plus_plus,frank_wolfe,-1.5175245669950144
0.035185813903808594,179.58010864257812,0.91020995,2,2.6244304,0.3715281399945374,True,29,,,"[np.int64(8), np.int64(43), np.int64(23), np.int64(22), np.int64(9), np.int64(65), np.int64(92)]",100,20,7,0.0,plus_plus,frank_wolfe,-1.453632398598654
0.051538944244384766,179.59999084472656,0.9102,3,2.5504432,0.3578310527841323,True,44,,,"[np.int64(8), np.int64(42), np.int64(25), np.int64(27), np.int64(5), np.int64(57), np.int64(91)]",100,20,7,0.0,plus_plus,frank_wolfe,-1.2878644820508125
0.027863025665283203,282.5951843261719,0.85870236,4,3.1546452,0.4254776246758556,True,25,,,"[np.int64(8), np.int64(45), np.int64(28), np.int64(27), np.int64(11), np.int64(61), np.int64(96)]",100,20,7,0.0,plus_plus,frank_wolfe,-1.5549717250122599
0.02270817756652832,181.6281280517578,0.9091859,0,2.2704005,0.333570766075189,True,28,,,"[np.int64(99), np.int64(85), np.int64(42), np.int64(62), np.int64(8), np.int64(73), np.int64(97)]",100,20,7,0.05,uniform,projected_gradients,-1.6438177184689113
0.03398299217224121,216.44647216796875,0.8917768,1,2.6029494,0.376247124957083,True,52,,,"[np.int64(99), np.int64(85), np.int64(42), np.int64(62), np.int64(8), np.int64(73), np.int64(97)]",100,20,7,0.05,uniform,projected_gradients,-1.4687383845404758
0.016394853591918945,208.0189971923828,0.8959905,2,2.606796,0.36903172296830533,True,26,,,"[np.int64(99), np.int64(85), np.int64(42), np.int64(62), np.int64(8), np.int64(73), np.int64(97)]",100,20,7,0.05,uniform,projected_gradients,-1.7852924572810212
0.016270875930786133,216.0413818359375,0.8919793,3,2.5745018,0.36120650817380173,True,25,,,"[np.int64(99), np.int64(85), np.int64(42), np.int64(62), np.int64(8), np.int64(73), np.int64(97)]",100,20,7,0.05,uniform,projected_gradients,-1.788589066505848
0.014223098754882812,248.80599975585938,0.875597,4,2.86019,0.38576344790751504,True,26,,,"[np.int64(99), np.int64(85), np.int64(42), np.int64(62), np.int64(8), np.int64(73), np.int64(97)]",100,20,7,0.05,uniform,projected_gradients,-1.847005774524991
0.027032136917114258,182.6901092529297,0.908655,0,2.2793381,0.3348838917277432,True,29,,,"[np.int64(99), np.int64(85), np.int64(42), np.int64(62), np.int64(8), np.int64(73), np.int64(97)]",100,20,7,0.05,uniform,frank_wolfe,-1.5681196215366295
0.04093313217163086,217.35418701171875,0.891323,1,2.6110835,0.37742288419141756,True,41,,,"[np.int64(99), np.int64(85), np.int64(42), np.int64(62), np.int64(8), np.int64(73), np.int64(97)]",100,20,7,0.05,uniform,frank_wolfe,-1.3879250222051982
0.02847886085510254,208.7812957763672,0.8956094,2,2.6197073,0.3708595171335556,True,27,,,"[np.int64(99), np.int64(85), np.int64(42), np.int64(62), np.int64(8), np.int64(73), np.int64(97)]",100,20,7,0.05,uniform,frank_wolfe,-1.5454773863216043
0.025482654571533203,217.02854919433594,0.8914857,3,2.5722787,0.3608946158148122,True,25,,,"[np.int64(99), np.int64(85), np.int64(42), np.int64(62), np.int64(8), np.int64(73), np.int64(97)]",100,20,7,0.05,uniform,frank_wolfe,-1.5937553327841516
0.02622509002685547,249.2470703125,0.87537646,4,2.8608298,0.38584975546191325,True,27,,,"[np.int64(99), np.int64(85), np.int64(42), np.int64(62), np.int64(8), np.int64(73), np.int64(97)]",100,20,7,0.05,uniform,frank_wolfe,-1.5812830122631196
0.022795915603637695,181.72169494628906,0.90913916,0,2.2689807,0.33336216940805213,True,35,,,"[np.int64(85), np.int64(17), np.int64(59), np.int64(45), np.int64(94), np.int64(92), np.int64(50)]",100,20,7,0.05,furthest_sum,projected_gradients,-1.6421429595654773
0.029082775115966797,216.33370971679688,0.8918331,1,2.6040595,0.3764075826466531,True,45,,,"[np.int64(17), np.int64(10), np.int64(31), np.int64(56), np.int64(65), np.int64(87), np.int64(0)]",100,20,7,0.05,furthest_sum,projected_gradients,-1.5363641548952733
0.015894174575805664,207.76129150390625,0.89611936,2,2.609649,0.36943559682769495,True,26,,,"[np.int64(21), np.int64(45), np.int64(24), np.int64(92), np.int64(83), np.int64(11), np.int64(89)]",100,20,7,0.05,furthest_sum,projected_gradients,-1.7987620211610345
0.01772165298461914,215.88877868652344,0.8920556,3,2.5724444,0.3609178639046339,True,27,,,"[np.int64(81), np.int64(20), np.int64(89), np.int64(42), np.int64(18), np.int64(30), np.int64(56)]",100,20,7,0.05,furthest_sum,projected_gradients,-1.751495771804637
0.017243146896362305,248.68914794921875,0.8756554,4,2.8642535,0.3863115201717339,True,29,,,"[np.int64(45), np.int64(35), np.int64(96), np.int64(7), np.int64(77), np.int64(22), np.int64(58)]",100,20,7,0.05,furthest_sum,projected_gradients,-1.763383471979561
0.03760194778442383,182.55947875976562,0.90872025,0,2.2751772,0.3342725686320467,True,34,,,"[np.int64(85), np.int64(17), np.int64(59), np.int64(45), np.int64(94), np.int64(92), np.int64(50)]",100,20,7,0.05,furthest_sum,frank_wolfe,-1.4247896579947414
0.042922019958496094,217.41128540039062,0.89129436,1,2.607145,0.3768535971265533,True,45,,,"[np.int64(17), np.int64(10), np.int64(31), np.int64(56), np.int64(65), np.int64(87), np.int64(0)]",100,20,7,0.05,furthest_sum,frank_wolfe,-1.3673198478387554
0.029187917709350586,208.62950134277344,0.89568526,2,2.6182365,0.37065130237184957,True,28,,,"[np.int64(21), np.int64(45), np.int64(24), np.int64(92), np.int64(83), np.int64(11), np.int64(89)]",100,20,7,0.05,furthest_sum,frank_wolfe,-1.534796886841233
0.026991844177246094,216.87278747558594,0.8915636,3,2.5727499,0.36096071398098156,True,27,,,"[np.int64(81), np.int64(20), np.int64(89), np.int64(42), np.int64(18), np.int64(30), np.int64(56)]",100,20,7,0.05,furthest_sum,frank_wolfe,-1.5687674419110522
0.02887701988220215,249.447509765625,0.87527627,4,2.8633065,0.3861837952812459,True,29,,,"[np.int64(45), np.int64(35), np.int64(96), np.int64(7), np.int64(77), np.int64(22), np.int64(58)]",100,20,7,0.05,furthest_sum,frank_wolfe,-1.5394476281209641
0.018646717071533203,181.78050231933594,0.9091097,0,2.2756307,0.33433919346175184,True,25,,,"[np.int64(8), np.int64(44), np.int64(27), np.int64(25), np.int64(14), np.int64(55), np.int64(92)]",100,20,7,0.05,plus_plus,projected_gradients,-1.729397618719595
0.0398561954498291,216.28201293945312,0.891859,1,2.6044552,0.37646479049989323,True,59,,,"[np.int64(8), np.int64(46), np.int64(30), np.int64(27), np.int64(7), np.int64(60), np.int64(91)]",100,20,7,0.05,plus_plus,projected_gradients,-1.3995041600761822
0.021329879760742188,207.8132781982422,0.89609337,2,2.6116414,0.36971766049499555,True,26,,,"[np.int64(8), np.int64(43), np.int64(23), np.int64(22), np.int64(9), np.int64(65), np.int64(92)]",100,20,7,0.05,plus_plus,projected_gradients,-1.671011592717161
0.028105974197387695,215.95980834960938,0.89202005,3,2.5749433,0.3612684584793411,True,35,,,"[np.int64(8), np.int64(42), np.int64(25), np.int64(28), np.int64(7), np.int64(56), np.int64(91)]",100,20,7,0.05,plus_plus,projected_gradients,-1.5512013567785432
0.018224000930786133,315.8445129394531,0.84207773,4,3.3154976,0.44717233402031603,True,25,,,"[np.int64(8), np.int64(45), np.int64(28), np.int64(27), np.int64(11), np.int64(61), np.int64(96)]",100,20,7,0.05,plus_plus,projected_gradients,-1.739356271083496
0.0287320613861084,182.521728515625,0.90873915,0,2.2823334,0.3353239588863059,True,26,,,"[np.int64(8), np.int64(44), np.int64(27), np.int64(25), np.int64(14), np.int64(55), np.int64(92)]",100,20,7,0.05,plus_plus,frank_wolfe,-1.5416332143666913
0.049865007400512695,217.4375,0.89128125,1,2.612891,0.3776841448754018,True,37,,,"[np.int64(8), np.int64(46), np.int64(30), np.int64(27), np.int64(7), np.int64(60), np.int64(91)]",100,20,7,0.05,plus_plus,frank_wolfe,-1.3022041121696375
0.03185009956359863,208.7862091064453,0.8956069,2,2.6158283,0.3703103755914974,True,28,,,"[np.int64(8), np.int64(43), np.int64(23), np.int64(22), np.int64(9), np.int64(65), np.int64(92)]",100,20,7,0.05,plus_plus,frank_wolfe,-1.4968892057194032
0.05042099952697754,216.93507385253906,0.8915325,3,2.5739217,0.3611251231341812,True,35,,,"[np.int64(8), np.int64(42), np.int64(25), np.int64(28), np.int64(7), np.int64(56), np.int64(91)]",100,20,7,0.05,plus_plus,frank_wolfe,-1.2973885492833686
0.05001211166381836,249.33226013183594,0.87533385,4,2.8630004,0.38614250657042354,True,45,,,"[np.int64(8), np.int64(45), np.int64(28), np.int64(27), np.int64(11), np.int64(61), np.int64(96)]",100,20,7,0.05,plus_plus,frank_wolfe,-1.3009248078282043
0.019863128662109375,279.24981689453125,0.8603751,0,2.3112743,0.33957600315729575,True,28,,,"[np.int64(99), np.int64(85), np.int64(42), np.int64(62), np.int64(8), np.int64(73), np.int64(97)]",100,20,7,0.1,uniform,projected_gradients,-1.7019523442759692
0.019249916076660156,363.54071044921875,0.8182297,1,3.0442317,0.4400329163681469,True,31,,,"[np.int64(99), np.int64(85), np.int64(42), np.int64(62), np.int64(8), np.int64(73), np.int64(97)]",100,20,7,0.1,uniform,projected_gradients,-1.7155711595332908
0.028296947479248047,296.0218811035156,0.8519891,2,2.6366563,0.37325889777789345,True,26,,,"[np.int64(99), np.int64(85), np.int64(42), np.int64(62), np.int64(8), np.int64(73), np.int64(97)]",100,20,7,0.1,uniform,projected_gradients,-1.548260411275009
0.021291017532348633,306.0856628417969,0.84695715,3,2.600477,0.3648508720441572,True,31,,,"[np.int64(99), np.int64(85), np.int64(42), np.int64(62), np.int64(8), np.int64(73), np.int64(97)]",100,20,7,0.1,uniform,projected_gradients,-1.6718035824262039
0.01691412925720215,332.3641662597656,0.8338179,4,2.9182224,0.39359048836424276,True,26,,,"[np.int64(99), np.int64(85), np.int64(42), np.int64(62), np.int64(8), np.int64(73), np.int64(97)]",100,20,7,0.1,uniform,projected_gradients,-1.7717503548683708
0.030852079391479492,280.4186096191406,0.8597907,0,2.3228576,0.3412778437074516,True,28,,,"[np.int64(99), np.int64(85), np.int64(42), np.int64(62), np.int64(8), np.int64(73), np.int64(97)]",100,20,7,0.1,uniform,frank_wolfe,-1.5107155597405695
0.028633832931518555,364.20050048828125,0.8178997,1,3.01776,0.4362065380878712,True,31,,,"[np.int64(99), np.int64(85), np.int64(42), np.int64(62), np.int64(8), np.int64(73), np.int64(97)]",100,20,7,0.1,uniform,frank_wolfe,-1.5431205133269947
0.028475046157836914,296.5338439941406,0.8517331,2,2.6434822,0.3742252113826339,True,27,,,"[np.int64(99), np.int64(85), np.int64(42), np.int64(62), np.int64(8), np.int64(73), np.int64(97)]",100,20,7,0.1,uniform,frank_wolfe,-1.5455355632601835
0.028651952743530273,306.84375,0.8465781,3,2.6041958,0.36537263277083243,True,28,,,"[np.int64(99), np.int64(85), np.int64(42), np.int64(62), np.int64(8), np.int64(73), np.int64(97)]",100,20,7,0.1,uniform,frank_wolfe,-1.542845773806902
0.02589702606201172,332.9640808105469,0.8335179,4,2.9130208,0.39288893399974706,True,27,,,"[np.int64(99), np.int64(85), np.int64(42), np.int64(62), np.int64(8), np.int64(73), np.int64(97)]",100,20,7,0.1,uniform,frank_wolfe,-1.5867501061509777
0.019713878631591797,279.18670654296875,0.86040664,0,2.3180947,0.3405780728225829,True,32,,,"[np.int64(50), np.int64(17), np.int64(59), np.int64(45), np.int64(94), np.int64(92), np.int64(85)]",100,20,7,0.1,furthest_sum,projected_gradients,-1.7052279215054185
0.02402782440185547,337.7587585449219,0.8311206,1,2.869006,0.41470465628448827,True,42,,,"[np.int64(17), np.int64(10), np.int64(31), np.int64(56), np.int64(65), np.int64(87), np.int64(0)]",100,20,7,0.1,furthest_sum,projected_gradients,-1.6192855505878363
0.01747608184814453,296.1083679199219,0.8519458,2,2.6367493,0.3732720609740461,True,26,,,"[np.int64(94), np.int64(45), np.int64(24), np.int64(92), np.int64(83), np.int64(11), np.int64(89)]",100,20,7,0.1,furthest_sum,projected_gradients,-1.7575559299664583
0.017078876495361328,306.4002990722656,0.84679985,3,2.601524,0.36499778659163495,True,25,,,"[np.int64(81), np.int64(20), np.int64(89), np.int64(2), np.int64(18), np.int64(30), np.int64(56)]",100,20,7,0.1,furthest_sum,projected_gradients,-1.767540702026024
0.015072107315063477,332.56121826171875,0.8337193,4,2.9179127,0.39354871730866775,True,27,,,"[np.int64(45), np.int64(97), np.int64(96), np.int64(7), np.int64(77), np.int64(22), np.int64(58)]",100,20,7,0.1,furthest_sum,projected_gradients,-1.8218260223156637
0.03264737129211426,280.5508728027344,0.8597245,0,2.3284128,0.3420940153857538,True,31,,,"[np.int64(50), np.int64(17), np.int64(59), np.int64(45), np.int64(94), np.int64(92), np.int64(85)]",100,20,7,0.1,furthest_sum,frank_wolfe,-1.4861517815953151
0.04891800880432129,310.8354187011719,0.84458226,1,2.6234815,0.3792149718880096,True,57,,,"[np.int64(17), np.int64(10), np.int64(31), np.int64(56), np.int64(65), np.int64(87), np.int64(0)]",100,20,7,0.1,furthest_sum,frank_wolfe,-1.3105312291274824
0.028959989547729492,297.2462158203125,0.8513769,2,2.6449988,0.3744399064870612,True,27,,,"[np.int64(94), np.int64(45), np.int64(24), np.int64(92), np.int64(83), np.int64(11), np.int64(89)]",100,20,7,0.1,furthest_sum,frank_wolfe,-1.5382015992208928
0.026130199432373047,306.8693542480469,0.8465653,3,2.6046941,0.3654425442927423,True,26,,,"[np.int64(81), np.int64(20), np.int64(89), np.int64(2), np.int64(18), np.int64(30), np.int64(56)]",100,20,7,0.1,furthest_sum,frank_wolfe,-1.5828572756133326
0.025915145874023438,333.1053161621094,0.8334473,4,2.9133623,0.3929349818454618,True,30,,,"[np.int64(45), np.int64(97), np.int64(96), np.int64(7), np.int64(77), np.int64(22), np.int64(58)]",100,20,7,0.1,furthest_sum,frank_wolfe,-1.586446342213023
0.020612001419067383,279.0946960449219,0.86045265,0,2.3113816,0.3395917661296235,True,25,,,"[np.int64(8), np.int64(44), np.int64(27), np.int64(26), np.int64(12), np.int64(58), np.int64(94)]",100,20,7,0.1,plus_plus,projected_gradients,-1.6858798363112388
0.02191305160522461,338.1014404296875,0.8309493,1,2.9615734,0.42808495283124787,True,28,,,"[np.int64(8), np.int64(46), np.int64(30), np.int64(27), np.int64(7), np.int64(60), np.int64(91)]",100,20,7,0.1,plus_plus,projected_gradients,-1.6592971385038502
0.021072864532470703,296.0307922363281,0.8519846,2,2.6392062,0.3736198731185396,True,28,,,"[np.int64(8), np.int64(43), np.int64(23), np.int64(22), np.int64(9), np.int64(65), np.int64(92)]",100,20,7,0.1,plus_plus,projected_gradients,-1.676276424710522
0.01930999755859375,305.95294189453125,0.84702355,3,2.6021855,0.36509057824798813,True,29,,,"[np.int64(8), np.int64(42), np.int64(25), np.int64(28), np.int64(7), np.int64(56), np.int64(91)]",100,20,7,0.1,plus_plus,projected_gradients,-1.7142177811294261
0.018023967742919922,332.51690673828125,0.83374155,4,2.916289,0.39332973279098815,True,25,,,"[np.int64(8), np.int64(45), np.int64(28), np.int64(27), np.int64(11), np.int64(61), np.int64(95)]",100,20,7,0.1,plus_plus,projected_gradients,-1.744149598530365
0.023122310638427734,280.3831787109375,0.8598084,0,2.322765,0.34126425252242243,True,24,,,"[np.int64(8), np.int64(44), np.int64(27), np.int64(26), np.int64(12), np.int64(58), np.int64(94)]",100,20,7,0.1,plus_plus,frank_wolfe,-1.6359687685483575
0.02960824966430664,339.2049255371094,0.83039755,1,2.9714992,0.42951969822046193,True,29,,,"[np.int64(8), np.int64(46), np.int64(30), np.int64(27), np.int64(7), np.int64(60), np.int64(91)]",100,20,7,0.1,plus_plus,frank_wolfe,-1.5285872658157562
0.02973794937133789,297.1909484863281,0.85140455,2,2.6443405,0.37434671780865786,True,27,,,"[np.int64(8), np.int64(43), np.int64(23), np.int64(22), np.int64(9), np.int64(65), np.int64(92)]",100,20,7,0.1,plus_plus,frank_wolfe,-1.5266889822638716
0.03180813789367676,307.63873291015625,0.8461807,3,2.6060946,0.3656390324648471,True,29,,,"[np.int64(8), np.int64(42), np.int64(25), np.int64(28), np.int64(7), np.int64(56), np.int64(91)]",100,20,7,0.1,plus_plus,frank_wolfe,-1.4974617545384052
0.025708913803100586,333.2516784667969,0.83337414,4,2.917227,0.39345623574143623,True,26,,,"[np.int64(8), np.int64(45), np.int64(28), np.int64(27), np.int64(11), np.int64(61), np.int64(95)]",100,20,7,0.1,plus_plus,frank_wolfe,-1.5899162718318487
0.21479201316833496,0.7076057195663452,0.9999292,0,0.13914196,0.025523628892505496,True,72,,,"[np.int64(654), np.int64(89), np.int64(773)]",1000,10,3,0.0,uniform,projected_gradients,-0.6679818714892798
0.19432377815246582,0.5387992858886719,0.9999461,1,0.13468827,0.02584130731063799,True,71,,,"[np.int64(654), np.int64(89), np.int64(773)]",1000,10,3,0.0,uniform,projected_gradients,-0.7114740543226428
0.3069190979003906,0.697740375995636,0.99993026,2,0.1291963,0.023564591291030564,True,107,,,"[np.int64(654), np.int64(89), np.int64(773)]",1000,10,3,0.0,uniform,projected_gradients,-0.5129760869520107
0.2654540538787842,0.4307861030101776,0.9999569,3,0.1323397,0.021206876093545636,True,97,,,"[np.int64(654), np.int64(89), np.int64(773)]",1000,10,3,0.0,uniform,projected_gradients,-0.5760106379485809
0.28978514671325684,0.7737208008766174,0.99992263,4,0.12427923,0.023304675903632905,True,87,,,"[np.int64(654), np.int64(89), np.int64(773)]",1000,10,3,0.0,uniform,projected_gradients,-0.5379238785811558
0.6787528991699219,0.8430092930793762,0.9999157,0,0.14007816,0.02569536069727899,True,64,,,"[np.int64(654), np.int64(89), np.int64(773)]",1000,10,3,0.0,uniform,frank_wolfe,-0.16828830238901166
0.7695090770721436,0.5678263902664185,0.99994326,1,0.13423736,0.025754795832456826,True,72,,,"[np.int64(654), np.int64(89), np.int64(773)]",1000,10,3,0.0,uniform,frank_wolfe,-0.11378625289670885
0.9035158157348633,0.808294951915741,0.9999191,2,0.12996893,0.023705513260854377,True,100,,,"[np.int64(654), np.int64(89), np.int64(773)]",1000,10,3,0.0,uniform,frank_wolfe,-0.044064240860369745
0.6318812370300293,0.46471089124679565,0.9999535,3,0.13122226,0.021027811378485667,True,66,,,"[np.int64(654), np.int64(89), np.int64(773)]",1000,10,3,0.0,uniform,frank_wolfe,-0.1993645403082758
0.7411210536956787,0.7742924690246582,0.9999226,4,0.12404438,0.023260637190999137,True,90,,,"[np.int64(654), np.int64(89), np.int64(773)]",1000,10,3,0.0,uniform,frank_wolfe,-0.13011084916208
0.048547983169555664,0.7081429958343506,0.9999292,0,0.13904674,0.025506162417383297,True,34,,,"[np.int64(180), np.int64(787), np.int64(49)]",1000,10,3,0.0,furthest_sum,projected_gradients,-1.3138288072910205
0.038851261138916016,0.5400674343109131,0.999946,1,0.13391884,0.025693683163666322,True,25,,,"[np.int64(875), np.int64(999), np.int64(879)]",1000,10,3,0.0,furthest_sum,projected_gradients,-1.4105948791337855
0.04366803169250488,0.6970046162605286,0.99993026,2,0.12866391,0.023467486948930943,True,23,,,"[np.int64(281), np.int64(576), np.int64(485)]",1000,10,3,0.0,furthest_sum,projected_gradients,-1.3598363831725198
0.0737299919128418,0.4647148847579956,0.9999535,3,0.13471247,0.02158710266826038,True,42,,,"[np.int64(500), np.int64(802), np.int64(47)]",1000,10,3,0.0,furthest_sum,projected_gradients,-1.132355813732984
0.01173090934753418,0.7727155089378357,0.99992275,4,0.12404474,0.023260704252900933,True,10,,,"[np.int64(77), np.int64(888), np.int64(724)]",1000,10,3,0.0,furthest_sum,projected_gradients,-1.9306683212767042
1.8975632190704346,0.9761278033256531,0.99990237,0,0.13896064,0.025490368787765755,True,188,,,"[np.int64(180), np.int64(787), np.int64(49)]",1000,10,3,0.0,furthest_sum,frank_wolfe,0.2781962537301424
2.008884906768799,0.72352534532547,0.99992764,1,0.13410199,0.025728822376433168,True,200,,,"[np.int64(875), np.int64(999), np.int64(879)]",1000,10,3,0.0,furthest_sum,frank_wolfe,0.3029550558189102
1.6841070652008057,0.9487714171409607,0.99990505,2,0.12849993,0.023437576702490998,True,208,,,"[np.int64(281), np.int64(576), np.int64(485)]",1000,10,3,0.0,furthest_sum,frank_wolfe,0.2263696978215043
1.5111768245697021,0.6821680665016174,0.99993175,3,0.13050933,0.0209135671828952,True,144,,,"[np.int64(500), np.int64(802), np.int64(47)]",1000,10,3,0.0,furthest_sum,frank_wolfe,0.17931528461820287
1.1479549407958984,1.1212021112442017,0.9998879,4,0.12404438,0.023260637190999137,True,159,,,"[np.int64(77), np.int64(888), np.int64(724)]",1000,10,3,0.0,furthest_sum,frank_wolfe,0.05992484159178663
0.23401713371276855,0.7077124118804932,0.9999292,0,0.13913958,0.02552319154727552,True,80,,,"[np.int64(89), np.int64(446), np.int64(140)]",1000,10,3,0.0,plus_plus,projected_gradients,-0.6307523442800209
0.2005460262298584,0.5390187501907349,0.9999461,1,0.13476712,0.025856433954096564,True,70,,,"[np.int64(89), np.int64(433), np.int64(139)]",1000,10,3,0.0,plus_plus,projected_gradients,-0.6977859390353274
0.30845117568969727,0.698249876499176,0.9999302,2,0.13026178,0.023758927715491745,True,116,,,"[np.int64(89), np.int64(452), np.int64(142)]",1000,10,3,0.0,plus_plus,projected_gradients,-0.5108135700639479
0.2891697883605957,0.4311656653881073,0.99995685,3,0.13246687,0.02122725398764247,True,101,,,"[np.int64(89), np.int64(460), np.int64(120)]",1000,10,3,0.0,plus_plus,projected_gradients,-0.5388470828632189
0.26743602752685547,0.7738746404647827,0.99992263,4,0.12436035,0.023319887778356307,True,81,,,"[np.int64(89), np.int64(462), np.int64(129)]",1000,10,3,0.0,plus_plus,projected_gradients,-0.5727800873427212
0.5913400650024414,0.7297088503837585,0.99992704,0,0.13962613,0.025612442775083056,True,56,,,"[np.int64(89), np.int64(446), np.int64(140)]",1000,10,3,0.0,plus_plus,frank_wolfe,-0.22816269529479946
0.6887869834899902,0.5403534173965454,0.999946,1,0.13458723,0.025821920848855224,True,68,,,"[np.int64(89), np.int64(433), np.int64(139)]",1000,10,3,0.0,plus_plus,frank_wolfe,-0.16191506865644137
0.5820579528808594,0.7819557785987854,0.9999218,2,0.12842982,0.02342478908690718,True,55,,,"[np.int64(89), np.int64(452), np.int64(142)]",1000,10,3,0.0,plus_plus,frank_wolfe,-0.23503377245773469
0.623870849609375,0.4671843647956848,0.9999533,3,0.13208751,0.021166464155451557,True,64,,,"[np.int64(89), np.int64(460), np.int64(120)]",1000,10,3,0.0,plus_plus,frank_wolfe,-0.20490530632276263
0.6580648422241211,0.7744670510292053,0.9999226,4,0.12404438,0.023260637190999137,True,75,,,"[np.int64(89), np.int64(462), np.int64(129)]",1000,10,3,0.0,plus_plus,frank_wolfe,-0.18173131119959257
0.14037203788757324,79.88328552246094,0.9920117,0,0.21018066,0.03855467442903587,True,38,,,"[np.int64(654), np.int64(89), np.int64(773)]",1000,10,3,0.05,uniform,projected_gradients,-0.8527193950592812
0.10310602188110352,91.21990203857422,0.99087805,1,0.22559501,0.043282684585686265,True,35,,,"[np.int64(654), np.int64(89), np.int64(773)]",1000,10,3,0.05,uniform,projected_gradients,-0.98671596911648
0.11125802993774414,92.73644256591797,0.99072635,2,0.30190325,0.055065250196083326,True,37,,,"[np.int64(654), np.int64(89), np.int64(773)]",1000,10,3,0.05,uniform,projected_gradients,-0.9536686344432016
0.1211700439453125,65.12183380126953,0.9934878,3,0.26457933,0.04239771540050182,True,39,,,"[np.int64(654), np.int64(89), np.int64(773)]",1000,10,3,0.05,uniform,projected_gradients,-0.9166047346026884
0.1311202049255371,89.9448471069336,0.9910055,4,0.2223432,0.04169350204314161,True,38,,,"[np.int64(654), np.int64(89), np.int64(773)]",1000,10,3,0.05,uniform,projected_gradients,-0.8823303806855712
0.22818398475646973,80.54785919189453,0.9919452,0,0.20625353,0.03783429850007173,True,36,,,"[np.int64(654), np.int64(89), np.int64(773)]",1000,10,3,0.05,uniform,frank_wolfe,-0.6417148400929492
0.2066059112548828,91.79525756835938,0.9908205,1,0.22838016,0.04381704305772476,True,33,,,"[np.int64(654), np.int64(89), np.int64(773)]",1000,10,3,0.05,uniform,frank_wolfe,-0.6848572569274796
0.23415279388427734,93.462890625,0.9906537,2,0.29868042,0.054477427560914664,True,38,,,"[np.int64(654), np.int64(89), np.int64(773)]",1000,10,3,0.05,uniform,frank_wolfe,-0.6305006558990449
0.204179048538208,65.5495376586914,0.99344504,3,0.2705828,0.043359745895123106,True,35,,,"[np.int64(654), np.int64(89), np.int64(773)]",1000,10,3,0.05,uniform,frank_wolfe,-0.6899888243013717
0.21277379989624023,90.5307846069336,0.9909469,4,0.22376817,0.04196071019083627,True,38,,,"[np.int64(654), np.int64(89), np.int64(773)]",1000,10,3,0.05,uniform,frank_wolfe,-0.6720818503479215
0.09763979911804199,79.99774932861328,0.9920002,0,0.21408063,0.03927007008919365,True,30,,,"[np.int64(180), np.int64(787), np.int64(49)]",1000,10,3,0.05,furthest_sum,projected_gradients,-1.0103731227617685
0.09505295753479004,91.15045166015625,0.99088496,1,0.22644925,0.04344657895150555,True,30,,,"[np.int64(496), np.int64(999), np.int64(879)]",1000,10,3,0.05,furthest_sum,projected_gradients,-1.0220343656890514
0.0842580795288086,92.82609558105469,0.9907174,2,0.3039783,0.055443725567073596,True,30,,,"[np.int64(9), np.int64(576), np.int64(485)]",1000,10,3,0.05,furthest_sum,projected_gradients,-1.0743884438508295
0.08870983123779297,65.14772033691406,0.9934853,3,0.2673109,0.04283543657728636,True,35,,,"[np.int64(665), np.int64(802), np.int64(164)]",1000,10,3,0.05,furthest_sum,projected_gradients,-1.0520282469583118
0.16492700576782227,90.0797348022461,0.990992,4,0.22260286,0.04174219177808932,True,51,,,"[np.int64(783), np.int64(888), np.int64(495)]",1000,10,3,0.05,furthest_sum,projected_gradients,-0.7827082255218752
0.16829800605773926,81.33074951171875,0.9918669,0,0.19474196,0.03572266452617426,True,27,,,"[np.int64(180), np.int64(787), np.int64(49)]",1000,10,3,0.05,furthest_sum,frank_wolfe,-0.773921029379202
0.15617895126342773,92.33964538574219,0.990766,1,0.21525073,0.04129802951057005,True,24,,,"[np.int64(496), np.int64(999), np.int64(879)]",1000,10,3,0.05,furthest_sum,frank_wolfe,-0.8063774977706339
0.1853199005126953,94.60678100585938,0.9905394,2,0.29136017,0.05314225916431237,True,29,,,"[np.int64(9), np.int64(576), np.int64(485)]",1000,10,3,0.05,furthest_sum,frank_wolfe,-0.7320779416158663
0.1577768325805664,66.63036346435547,0.99333704,3,0.2602311,0.04170093182784735,True,25,,,"[np.int64(665), np.int64(802), np.int64(164)]",1000,10,3,0.05,furthest_sum,frank_wolfe,-0.8019567667861733
0.19300198554992676,91.62255096435547,0.9908378,4,0.2203225,0.04131458273828916,True,30,,,"[np.int64(783), np.int64(888), np.int64(495)]",1000,10,3,0.05,furthest_sum,frank_wolfe,-0.7144382230702516
0.12700200080871582,79.88550567626953,0.9920114,0,0.20989484,0.038502244936184704,True,40,,,"[np.int64(89), np.int64(446), np.int64(141)]",1000,10,3,0.05,plus_plus,projected_gradients,-0.8961894370492409
0.11047005653381348,91.25706481933594,0.9908743,1,0.22687529,0.043528318861375925,True,37,,,"[np.int64(89), np.int64(433), np.int64(140)]",1000,10,3,0.05,plus_plus,projected_gradients,-0.9567554237382623
0.11155486106872559,92.82640838623047,0.9907174,2,0.30063,0.054833018399871834,True,37,,,"[np.int64(89), np.int64(452), np.int64(142)]",1000,10,3,0.05,plus_plus,projected_gradients,-0.9525115003301567
0.12964892387390137,65.12322998046875,0.9934877,3,0.26410928,0.04232239312590719,True,36,,,"[np.int64(89), np.int64(460), np.int64(120)]",1000,10,3,0.05,plus_plus,projected_gradients,-0.8872310836579622
0.09243083000183105,90.01406860351562,0.9909986,4,0.21894045,0.04105542201880968,True,31,,,"[np.int64(89), np.int64(462), np.int64(129)]",1000,10,3,0.05,plus_plus,projected_gradients,-1.0341831471084066
0.2489018440246582,80.57374572753906,0.9919426,0,0.21112306,0.03872754606481499,True,41,,,"[np.int64(89), np.int64(446), np.int64(141)]",1000,10,3,0.05,plus_plus,frank_wolfe,-0.6039718858471442
0.23865103721618652,91.65670013427734,0.99083436,1,0.22502892,0.04317407351311183,True,35,,,"[np.int64(89), np.int64(433), np.int64(140)]",1000,10,3,0.05,plus_plus,frank_wolfe,-0.622236673779248
0.23470807075500488,93.63026428222656,0.990637,2,0.29825273,0.05439941902903649,True,35,,,"[np.int64(89), np.int64(452), np.int64(142)]",1000,10,3,0.05,plus_plus,frank_wolfe,-0.629471976340482
0.24849510192871094,65.78762817382812,0.9934212,3,0.26823762,0.042983941614744815,True,37,,,"[np.int64(89), np.int64(460), np.int64(120)]",1000,10,3,0.05,plus_plus,frank_wolfe,-0.604682167197439
0.2031259536743164,90.37982177734375,0.990962,4,0.22787978,0.04273171249301396,True,36,,,"[np.int64(89), np.int64(462), np.int64(129)]",1000,10,3,0.05,plus_plus,frank_wolfe,-0.6922345826640246
0.11418914794921875,302.4154052734375,0.9697585,0,0.2180926,0.040006010041529594,True,34,,,"[np.int64(654), np.int64(89), np.int64(773)]",1000,10,3,0.1,uniform,projected_gradients,-0.9423751676288362
0.0905919075012207,342.4261779785156,0.9657574,1,0.23375297,0.04484787049022427,True,31,,,"[np.int64(654), np.int64(89), np.int64(773)]",1000,10,3,0.1,uniform,projected_gradients,-1.0429105957507243
0.08247184753417969,341.265869140625,0.9658734,2,0.34575891,0.06306424755531864,True,30,,,"[np.int64(654), np.int64(89), np.int64(773)]",1000,10,3,0.1,uniform,projected_gradients,-1.083694276263692
0.1045222282409668,243.949951171875,0.97560495,3,0.29994002,0.04806411670564576,True,34,,,"[np.int64(654), np.int64(89), np.int64(773)]",1000,10,3,0.1,uniform,projected_gradients,-0.9807913404062395
0.1060340404510498,336.2607421875,0.9663739,4,0.25390798,0.047612486088254455,True,34,,,"[np.int64(654), np.int64(89), np.int64(773)]",1000,10,3,0.1,uniform,projected_gradients,-0.9745546893881715
0.15422606468200684,303.0021667480469,0.9696998,0,0.21669607,0.03974983507307062,True,29,,,"[np.int64(654), np.int64(89), np.int64(773)]",1000,10,3,0.1,uniform,frank_wolfe,-0.811842222971326
0.1488490104675293,344.06707763671875,0.9655933,1,0.23581435,0.04524336746170965,True,29,,,"[np.int64(654), np.int64(89), np.int64(773)]",1000,10,3,0.1,uniform,frank_wolfe,-0.8272540481514193
0.15604209899902344,343.3188781738281,0.9656681,2,0.35243157,0.06428129697779282,True,32,,,"[np.int64(654), np.int64(89), np.int64(773)]",1000,10,3,0.1,uniform,frank_wolfe,-0.8067582164122695
0.1552119255065918,245.21560668945312,0.9754784,3,0.30813769,0.04937775780558216,True,30,,,"[np.int64(654), np.int64(89), np.int64(773)]",1000,10,3,0.1,uniform,frank_wolfe,-0.809074913343721
0.13245606422424316,338.102294921875,0.96618974,4,0.26121458,0.048982611038314104,True,32,,,"[np.int64(654), np.int64(89), np.int64(773)]",1000,10,3,0.1,uniform,frank_wolfe,-0.8779281536458244
0.07848310470581055,302.50341796875,0.9697497,0,0.2133597,0.0391378250918717,True,23,,,"[np.int64(180), np.int64(787), np.int64(49)]",1000,10,3,0.1,furthest_sum,projected_gradients,-1.1052238250734272
0.08260488510131836,342.1878967285156,0.9657813,1,0.23174779,0.04446315743465756,True,30,,,"[np.int64(496), np.int64(999), np.int64(879)]",1000,10,3,0.1,furthest_sum,projected_gradients,-1.082994268541459
0.062425851821899414,341.468017578125,0.9658532,2,0.3450242,0.06293023986690721,True,25,,,"[np.int64(460), np.int64(96), np.int64(88)]",1000,10,3,0.1,furthest_sum,projected_gradients,-1.204635522840828
0.08492803573608398,243.93002319335938,0.97560704,3,0.29912397,0.04793334860249142,True,23,,,"[np.int64(665), np.int64(802), np.int64(164)]",1000,10,3,0.1,furthest_sum,projected_gradients,-1.0709489204088738
0.0845179557800293,336.4222106933594,0.9663578,4,0.25272194,0.04739008087944942,True,29,,,"[np.int64(381), np.int64(888), np.int64(495)]",1000,10,3,0.1,furthest_sum,projected_gradients,-1.0730510156920081
0.11788487434387207,304.0469055175781,0.9695953,0,0.2119062,0.038871200305823965,True,23,,,"[np.int64(180), np.int64(787), np.int64(49)]",1000,10,3,0.1,furthest_sum,frank_wolfe,-0.9285419150949258
0.11764979362487793,344.2198791503906,0.965578,1,0.23354705,0.04480836281947127,True,22,,,"[np.int64(496), np.int64(999), np.int64(879)]",1000,10,3,0.1,furthest_sum,frank_wolfe,-0.9294088303039848
0.12575793266296387,343.6363830566406,0.9656363,2,0.3484514,0.06355534091553977,True,24,,,"[np.int64(460), np.int64(96), np.int64(88)]",1000,10,3,0.1,furthest_sum,frank_wolfe,-0.9004646106211966
0.11971402168273926,246.20005798339844,0.97538,3,0.294342,0.04716705955276047,True,22,,,"[np.int64(665), np.int64(802), np.int64(164)]",1000,10,3,0.1,furthest_sum,frank_wolfe,-0.9218549792276448
0.1263141632080078,338.19586181640625,0.9661804,4,0.24702942,0.046322628646149354,True,24,,,"[np.int64(381), np.int64(888), np.int64(495)]",1000,10,3,0.1,furthest_sum,frank_wolfe,-0.898547950646374
0.11645793914794922,301.80572509765625,0.9698194,0,0.21894377,0.040162145022039034,True,34,,,"[np.int64(89), np.int64(446), np.int64(143)]",1000,10,3,0.1,plus_plus,projected_gradients,-0.9338308994812374
0.10228490829467773,342.29705810546875,0.9657703,1,0.23361163,0.04482075345881156,True,33,,,"[np.int64(89), np.int64(433), np.int64(139)]",1000,10,3,0.1,plus_plus,projected_gradients,-0.9901884398738193
0.10826325416564941,341.2141418457031,0.9658786,2,0.34463862,0.06285991205801307,True,33,,,"[np.int64(89), np.int64(452), np.int64(142)]",1000,10,3,0.1,plus_plus,projected_gradients,-0.965518923070335
0.12547993659973145,244.28790283203125,0.9755712,3,0.30040583,0.04813876083143286,True,34,,,"[np.int64(89), np.int64(460), np.int64(120)]",1000,10,3,0.1,plus_plus,projected_gradients,-0.9014257094068215
0.09198188781738281,336.4183044433594,0.9663582,4,0.26218018,0.049163678173155506,True,30,,,"[np.int64(89), np.int64(459), np.int64(136)]",1000,10,3,0.1,plus_plus,projected_gradients,-1.0362976812997207
0.16321706771850586,303.33380126953125,0.9696666,0,0.20768078,0.03809610702177434,True,38,,,"[np.int64(89), np.int64(446), np.int64(143)]",1000,10,3,0.1,plus_plus,frank_wolfe,-0.7872344287415228
0.1641690731048584,344.0003662109375,0.9656,1,0.23322053,0.04474571775965946,True,32,,,"[np.int64(89), np.int64(433), np.int64(139)]",1000,10,3,0.1,plus_plus,frank_wolfe,-0.784708653824095
0.16721630096435547,342.9305725097656,0.96570694,2,0.34774086,0.06342574162510431,True,31,,,"[np.int64(89), np.int64(452), np.int64(142)]",1000,10,3,0.1,plus_plus,frank_wolfe,-0.7767213879389165
0.17395591735839844,245.55348205566406,0.9754446,3,0.3019139,0.048380420591706615,True,31,,,"[np.int64(89), np.int64(460), np.int64(120)]",1000,10,3,0.1,plus_plus,frank_wolfe,-0.7595607935194943
0.1736760139465332,338.1900329589844,0.966181,4,0.26384816,0.04947645488311859,True,32,,,"[np.int64(89), np.int64(459), np.int64(136)]",1000,10,3,0.1,plus_plus,frank_wolfe,-0.7602601569700954
0.15337896347045898,208.72073364257812,0.97912794,0,1.1046607,0.22608713013279855,True,33,,,"[np.int64(85), np.int64(857), np.int64(437), np.int64(651), np.int64(88), np.int64(770), np.int64(432)]",1000,10,7,0.0,uniform,projected_gradients,-0.814234201503022
0.2784750461578369,213.1497039794922,0.9786851,1,1.1000834,0.24069542496218846,True,58,,,"[np.int64(85), np.int64(857), np.int64(437), np.int64(651), np.int64(88), np.int64(770), np.int64(432)]",1000,10,7,0.0,uniform,projected_gradients,-0.5552137153968921
0.17301678657531738,222.74008178710938,0.977726,2,1.1443415,0.23438508208693493,True,34,,,"[np.int64(85), np.int64(857), np.int64(437), np.int64(651), np.int64(88), np.int64(770), np.int64(432)]",1000,10,7,0.0,uniform,projected_gradients,-0.7619117583546993
0.11891508102416992,192.61387634277344,0.9807386,3,1.2375897,0.22074979574915368,True,30,,,"[np.int64(85), np.int64(857), np.int64(437), np.int64(651), np.int64(88), np.int64(770), np.int64(432)]",1000,10,7,0.0,uniform,projected_gradients,-0.9247630638821955
0.1635890007019043,154.32546997070312,0.98456746,4,1.0735841,0.21055216830211324,True,33,,,"[np.int64(85), np.int64(857), np.int64(437), np.int64(651), np.int64(88), np.int64(770), np.int64(432)]",1000,10,7,0.0,uniform,projected_gradients,-0.7862459005122415
0.3146779537200928,211.11434936523438,0.9788886,0,1.1061989,0.22640193954980412,True,37,,,"[np.int64(85), np.int64(857), np.int64(437), np.int64(651), np.int64(88), np.int64(770), np.int64(432)]",1000,10,7,0.0,uniform,frank_wolfe,-0.5021336826129918
0.4639408588409424,215.36587524414062,0.97846335,1,1.1026045,0.24124704772659036,True,53,,,"[np.int64(85), np.int64(857), np.int64(437), np.int64(651), np.int64(88), np.int64(770), np.int64(432)]",1000,10,7,0.0,uniform,frank_wolfe,-0.33353737788487775
0.326646089553833,224.93646240234375,0.97750634,2,1.1457814,0.23468000968333105,True,36,,,"[np.int64(85), np.int64(857), np.int64(437), np.int64(651), np.int64(88), np.int64(770), np.int64(432)]",1000,10,7,0.0,uniform,frank_wolfe,-0.48592253660276985
0.28488612174987793,194.2302703857422,0.98057693,3,1.2387896,0.22096381236733406,True,36,,,"[np.int64(85), np.int64(857), np.int64(437), np.int64(651), np.int64(88), np.int64(770), np.int64(432)]",1000,10,7,0.0,uniform,frank_wolfe,-0.5453287069355074
0.31952881813049316,156.23953247070312,0.9843761,4,1.0775548,0.21133091344294963,True,37,,,"[np.int64(85), np.int64(857), np.int64(437), np.int64(651), np.int64(88), np.int64(770), np.int64(432)]",1000,10,7,0.0,uniform,frank_wolfe,-0.4954899669558176
0.1515970230102539,208.9124755859375,0.9791088,0,1.1048393,0.2261236785716635,True,34,,,"[np.int64(907), np.int64(921), np.int64(438), np.int64(202), np.int64(330), np.int64(856), np.int64(914)]",1000,10,7,0.0,furthest_sum,projected_gradients,-0.8193093270873024
0.3722050189971924,213.37423706054688,0.9786626,1,1.0991522,0.24049169308773843,True,86,,,"[np.int64(553), np.int64(915), np.int64(417), np.int64(775), np.int64(834), np.int64(743), np.int64(340)]",1000,10,7,0.0,furthest_sum,projected_gradients,-0.42921777492344354
0.13396525382995605,222.8213348388672,0.9777179,2,1.1447566,0.23447010053967532,True,31,,,"[np.int64(27), np.int64(680), np.int64(809), np.int64(427), np.int64(240), np.int64(884), np.int64(341)]",1000,10,7,0.0,furthest_sum,projected_gradients,-0.8730078286999797
0.21922707557678223,192.82948303222656,0.98071706,3,1.2375185,0.2207371014698637,True,39,,,"[np.int64(736), np.int64(946), np.int64(281), np.int64(660), np.int64(210), np.int64(890), np.int64(876)]",1000,10,7,0.0,furthest_sum,projected_gradients,-0.6591058094603464
0.056748151779174805,154.1763916015625,0.9845823,4,1.0719349,0.2102287373891969,True,23,,,"[np.int64(792), np.int64(612), np.int64(159), np.int64(725), np.int64(750), np.int64(855), np.int64(868)]",1000,10,7,0.0,furthest_sum,projected_gradients,-1.2460482783670268
0.3552060127258301,210.90577697753906,0.9789094,0,1.1056572,0.22629107432537,True,38,,,"[np.int64(907), np.int64(921), np.int64(438), np.int64(202), np.int64(330), np.int64(856), np.int64(914)]",1000,10,7,0.0,furthest_sum,frank_wolfe,-0.44951969134065556
0.39563488960266113,215.746826171875,0.97842526,1,1.1031501,0.24136642818867687,True,48,,,"[np.int64(553), np.int64(915), np.int64(417), np.int64(775), np.int64(834), np.int64(743), np.int64(340)]",1000,10,7,0.0,furthest_sum,frank_wolfe,-0.4027054165344739
0.2910909652709961,224.83876037597656,0.9775161,2,1.1454772,0.2346176986289389,True,33,,,"[np.int64(27), np.int64(680), np.int64(809), np.int64(427), np.int64(240), np.int64(884), np.int64(341)]",1000,10,7,0.0,furthest_sum,frank_wolfe,-0.5359712737568012
0.3549230098724365,194.7767333984375,0.98052233,3,1.2403946,0.22125010345001467,True,41,,,"[np.int64(736), np.int64(946), np.int64(281), np.int64(660), np.int64(210), np.int64(890), np.int64(876)]",1000,10,7,0.0,furthest_sum,frank_wolfe,-0.44986584416693687
0.2463681697845459,156.54931640625,0.984345,4,1.0744463,0.21072127165567142,True,30,,,"[np.int64(792), np.int64(612), np.int64(159), np.int64(725), np.int64(750), np.int64(855), np.int64(868)]",1000,10,7,0.0,furthest_sum,frank_wolfe,-0.6084154027571484
0.15222978591918945,208.83717346191406,0.9791163,0,1.1054881,0.22625645334089112,True,31,,,"[np.int64(89), np.int64(427), np.int64(130), np.int64(832), np.int64(140), np.int64(438), np.int64(363)]",1000,10,7,0.0,plus_plus,projected_gradients,-0.8175003633688792
0.18986892700195312,213.38058471679688,0.9786619,1,1.1003226,0.2407477729166144,True,33,,,"[np.int64(89), np.int64(448), np.int64(133), np.int64(836), np.int64(125), np.int64(442), np.int64(389)]",1000,10,7,0.0,plus_plus,projected_gradients,-0.7215461039084591
0.13358688354492188,222.82127380371094,0.9777179,2,1.1437379,0.23426146105700252,True,28,,,"[np.int64(89), np.int64(442), np.int64(137), np.int64(825), np.int64(134), np.int64(454), np.int64(389)]",1000,10,7,0.0,plus_plus,projected_gradients,-0.8742361817085941
0.1843280792236328,192.74725341796875,0.9807253,3,1.2375658,0.2207455217958249,True,35,,,"[np.int64(89), np.int64(444), np.int64(133), np.int64(840), np.int64(143), np.int64(448), np.int64(395)]",1000,10,7,0.0,plus_plus,projected_gradients,-0.734408502420592
0.287031888961792,154.1748809814453,0.98458254,4,1.0724968,0.2103389246013246,True,55,,,"[np.int64(89), np.int64(448), np.int64(139), np.int64(838), np.int64(134), np.int64(459), np.int64(403)]",1000,10,7,0.0,plus_plus,projected_gradients,-0.5420698508938993
0.30541515350341797,210.63619995117188,0.97893643,0,1.1050779,0.22617249928339161,True,36,,,"[np.int64(89), np.int64(427), np.int64(130), np.int64(832), np.int64(140), np.int64(438), np.int64(363)]",1000,10,7,0.0,plus_plus,frank_wolfe,-0.5151094187542229
0.4535050392150879,215.66439819335938,0.9784336,1,1.1009862,0.24089297523962852,True,51,,,"[np.int64(89), np.int64(448), np.int64(133), np.int64(836), np.int64(125), np.int64(442), np.int64(389)]",1000,10,7,0.0,plus_plus,frank_wolfe,-0.34341788282406954
0.266369104385376,224.2722930908203,0.97757274,2,1.1457776,0.23467922835349542,True,34,,,"[np.int64(89), np.int64(442), np.int64(137), np.int64(825), np.int64(134), np.int64(454), np.int64(389)]",1000,10,7,0.0,plus_plus,frank_wolfe,-0.5745161495207591
0.34209203720092773,194.5483856201172,0.9805451,3,1.2394651,0.2210843123350666,True,37,,,"[np.int64(89), np.int64(444), np.int64(133), np.int64(840), np.int64(143), np.int64(448), np.int64(395)]",1000,10,7,0.0,plus_plus,frank_wolfe,-0.4658570346718364
0.46672701835632324,156.17916870117188,0.98438215,4,1.0784749,0.21151135581579106,True,47,,,"[np.int64(89), np.int64(448), np.int64(139), np.int64(838), np.int64(134), np.int64(459), np.int64(403)]",1000,10,7,0.0,plus_plus,frank_wolfe,-0.3309370575176248
0.15066909790039062,353.3481140136719,0.96466523,0,1.130028,0.2312789603041629,True,33,,,"[np.int64(85), np.int64(857), np.int64(437), np.int64(651), np.int64(88), np.int64(770), np.int64(432)]",1000,10,7,0.05,uniform,projected_gradients,-0.8219758119688672
0.16073393821716309,335.9430847167969,0.9664057,1,1.0749112,0.23518783068783294,True,31,,,"[np.int64(85), np.int64(857), np.int64(437), np.int64(651), np.int64(88), np.int64(770), np.int64(432)]",1000,10,7,0.05,uniform,projected_gradients,-0.7938924143114805
0.16296100616455078,355.02056884765625,0.9644979,2,1.1515833,0.2358683635302223,True,34,,,"[np.int64(85), np.int64(857), np.int64(437), np.int64(651), np.int64(88), np.int64(770), np.int64(432)]",1000,10,7,0.05,uniform,projected_gradients,-0.787916302550091
0.13982486724853516,288.1376953125,0.9711862,3,1.273488,0.22715300711020478,True,31,,,"[np.int64(85), np.int64(857), np.int64(437), np.int64(651), np.int64(88), np.int64(770), np.int64(432)]",1000,10,7,0.05,uniform,projected_gradients,-0.8544155843240911
0.14186692237854004,259.59112548828125,0.9740409,4,1.0637538,0.20862425447090693,True,32,,,"[np.int64(85), np.int64(857), np.int64(437), np.int64(651), np.int64(88), np.int64(770), np.int64(432)]",1000,10,7,0.05,uniform,projected_gradients,-0.8481188526261236
0.2752220630645752,356.12335205078125,0.9643877,0,1.1356652,0.23243270034224386,True,36,,,"[np.int64(85), np.int64(857), np.int64(437), np.int64(651), np.int64(88), np.int64(770), np.int64(432)]",1000,10,7,0.05,uniform,frank_wolfe,-0.560316754000751
0.31200194358825684,339.93365478515625,0.96600664,1,1.0830467,0.23696784371713026,True,40,,,"[np.int64(85), np.int64(857), np.int64(437), np.int64(651), np.int64(88), np.int64(770), np.int64(432)]",1000,10,7,0.05,uniform,frank_wolfe,-0.5058427005744228
0.2639150619506836,357.4239196777344,0.9642576,2,1.1554716,0.2366647583817541,True,34,,,"[np.int64(85), np.int64(857), np.int64(437), np.int64(651), np.int64(88), np.int64(770), np.int64(432)]",1000,10,7,0.05,uniform,frank_wolfe,-0.5785358233631088
0.24888920783996582,290.3390197753906,0.9709661,3,1.2784607,0.2280399906383494,True,34,,,"[np.int64(85), np.int64(857), np.int64(437), np.int64(651), np.int64(88), np.int64(770), np.int64(432)]",1000,10,7,0.05,uniform,frank_wolfe,-0.6039939345571997
0.28063106536865234,261.5717468261719,0.97384286,4,1.0680658,0.2094699115152251,True,33,,,"[np.int64(85), np.int64(857), np.int64(437), np.int64(651), np.int64(88), np.int64(770), np.int64(432)]",1000,10,7,0.05,uniform,frank_wolfe,-0.5518642550061168
0.15403008460998535,353.74884033203125,0.9646251,0,1.1285198,0.23097027482451055,True,35,,,"[np.int64(868), np.int64(438), np.int64(921), np.int64(202), np.int64(330), np.int64(856), np.int64(914)]",1000,10,7,0.05,furthest_sum,projected_gradients,-0.8123944460202748
0.2476041316986084,336.5429992675781,0.9663457,1,1.075262,0.2352645659553572,True,53,,,"[np.int64(553), np.int64(915), np.int64(417), np.int64(775), np.int64(834), np.int64(743), np.int64(340)]",1000,10,7,0.05,furthest_sum,projected_gradients,-0.606242112644911
0.18302416801452637,355.2138671875,0.9644786,2,1.1541044,0.23638472488534984,True,39,,,"[np.int64(240), np.int64(791), np.int64(780), np.int64(27), np.int64(809), np.int64(884), np.int64(341)]",1000,10,7,0.05,furthest_sum,projected_gradients,-0.7374915586721634
0.18494820594787598,288.4958801269531,0.9711504,3,1.2744398,0.2273227744901901,True,37,,,"[np.int64(890), np.int64(281), np.int64(660), np.int64(736), np.int64(210), np.int64(946), np.int64(876)]",1000,10,7,0.05,furthest_sum,projected_gradients,-0.7329498771126676
0.05904889106750488,259.58294677734375,0.9740417,4,1.0632105,0.20851769106906562,True,21,,,"[np.int64(792), np.int64(612), np.int64(159), np.int64(725), np.int64(750), np.int64(855), np.int64(868)]",1000,10,7,0.05,furthest_sum,projected_gradients,-1.228788253982484
0.3345780372619629,356.4104309082031,0.964359,0,1.1360192,0.2325051628678973,True,36,,,"[np.int64(868), np.int64(438), np.int64(921), np.int64(202), np.int64(330), np.int64(856), np.int64(914)]",1000,10,7,0.05,furthest_sum,frank_wolfe,-0.4755025708721054
0.347592830657959,340.81988525390625,0.96591794,1,1.0777603,0.23581120692638824,True,42,,,"[np.int64(553), np.int64(915), np.int64(417), np.int64(775), np.int64(834), np.int64(743), np.int64(340)]",1000,10,7,0.05,furthest_sum,frank_wolfe,-0.4589291897544333
0.27560877799987793,358.38116455078125,0.96416193,2,1.1535378,0.23626867298820017,True,35,,,"[np.int64(240), np.int64(791), np.int64(780), np.int64(27), np.int64(809), np.int64(884), np.int64(341)]",1000,10,7,0.05,furthest_sum,frank_wolfe,-0.559706954485023
0.3591463565826416,291.0254211425781,0.97089744,3,1.2773143,0.22783550004549888,True,51,,,"[np.int64(890), np.int64(281), np.int64(660), np.int64(736), np.int64(210), np.int64(946), np.int64(876)]",1000,10,7,0.05,furthest_sum,frank_wolfe,-0.44472853497780745
0.19693708419799805,262.530517578125,0.97374696,4,1.0707347,0.2099933533765294,True,28,,,"[np.int64(792), np.int64(612), np.int64(159), np.int64(725), np.int64(750), np.int64(855), np.int64(868)]",1000,10,7,0.05,furthest_sum,frank_wolfe,-0.705672496426162
0.15294909477233887,353.7532958984375,0.9646247,0,1.127749,0.23081251634273436,True,31,,,"[np.int64(89), np.int64(427), np.int64(130), np.int64(835), np.int64(149), np.int64(443), np.int64(371)]",1000,10,7,0.05,plus_plus,projected_gradients,-0.8154530890391684
0.28550076484680176,335.9930114746094,0.9664007,1,1.0750296,0.23521373079682395,True,56,,,"[np.int64(89), np.int64(448), np.int64(134), np.int64(816), np.int64(127), np.int64(447), np.int64(384)]",1000,10,7,0.05,plus_plus,projected_gradients,-0.5443927239564849
0.13473987579345703,355.1922302246094,0.96448076,2,1.153986,0.2363604792438877,True,29,,,"[np.int64(89), np.int64(441), np.int64(147), np.int64(840), np.int64(154), np.int64(447), np.int64(391)]",1000,10,7,0.05,plus_plus,projected_gradients,-0.870503857326528
0.15225911140441895,288.19097900390625,0.97118086,3,1.2736406,0.2271802243254329,True,29,,,"[np.int64(89), np.int64(446), np.int64(145), np.int64(842), np.int64(148), np.int64(451), np.int64(403)]",1000,10,7,0.05,plus_plus,projected_gradients,-0.817416709110444
0.19883489608764648,259.4717712402344,0.97405285,4,1.0614922,0.20818070009185177,True,39,,,"[np.int64(89), np.int64(448), np.int64(139), np.int64(838), np.int64(135), np.int64(467), np.int64(420)]",1000,10,7,0.05,plus_plus,projected_gradients,-0.7015073933374042
0.24521183967590332,356.0383605957031,0.9643962,0,1.1336901,0.2320284716806188,True,31,,,"[np.int64(89), np.int64(427), np.int64(130), np.int64(835), np.int64(149), np.int64(443), np.int64(371)]",1000,10,7,0.05,plus_plus,frank_wolfe,-0.6104585644073915
0.3831758499145508,339.4342041015625,0.9660565,1,1.0800846,0.2363197410905352,True,45,,,"[np.int64(89), np.int64(448), np.int64(134), np.int64(816), np.int64(127), np.int64(447), np.int64(384)]",1000,10,7,0.05,plus_plus,frank_wolfe,-0.4166018706252206
0.26441407203674316,356.7464904785156,0.96432537,2,1.1544265,0.23645069842334657,True,34,,,"[np.int64(89), np.int64(441), np.int64(147), np.int64(840), np.int64(154), np.int64(447), np.int64(391)]",1000,10,7,0.05,plus_plus,frank_wolfe,-0.5777154355506933
0.24695229530334473,290.60467529296875,0.9709396,3,1.2803923,0.22838452230892828,True,30,,,"[np.int64(89), np.int64(446), np.int64(145), np.int64(842), np.int64(148), np.int64(451), np.int64(403)]",1000,10,7,0.05,plus_plus,frank_wolfe,-0.6073869329244037
0.26541900634765625,262.19134521484375,0.9737809,4,1.0675046,0.20935986457962458,True,31,,,"[np.int64(89), np.int64(448), np.int64(139), np.int64(838), np.int64(135), np.int64(467), np.int64(420)]",1000,10,7,0.05,plus_plus,frank_wolfe,-0.5760679810331549
0.13404107093811035,690.9815063476562,0.9309019,0,1.1691006,0.23927582216301943,True,32,,,"[np.int64(85), np.int64(857), np.int64(437), np.int64(651), np.int64(88), np.int64(770), np.int64(432)]",1000,10,7,0.1,uniform,projected_gradients,-0.8727621109721453
0.1492619514465332,680.95703125,0.9319043,1,1.0571072,0.2312923551813697,True,31,,,"[np.int64(85), np.int64(857), np.int64(437), np.int64(651), np.int64(88), np.int64(770), np.int64(432)]",1000,10,7,0.1,uniform,projected_gradients,-0.8260508847247287
0.18250799179077148,703.9212646484375,0.9296079,2,1.1691834,0.23947322405939894,True,33,,,"[np.int64(85), np.int64(857), np.int64(437), np.int64(651), np.int64(88), np.int64(770), np.int64(432)]",1000,10,7,0.1,uniform,projected_gradients,-0.7387181135930367
0.12328600883483887,538.607666015625,0.9461393,3,1.3154013,0.23462910833747808,True,27,,,"[np.int64(85), np.int64(857), np.int64(437), np.int64(651), np.int64(88), np.int64(770), np.int64(432)]",1000,10,7,0.1,uniform,projected_gradients,-0.9090862067018902
0.12856197357177734,556.3796997070312,0.944362,4,1.0787928,0.21157370873213832,True,29,,,"[np.int64(85), np.int64(857), np.int64(437), np.int64(651), np.int64(88), np.int64(770), np.int64(432)]",1000,10,7,0.1,uniform,projected_gradients,-0.8908874692817864
0.23606514930725098,692.7862548828125,0.9307214,0,1.1759354,0.24067466608416926,True,35,,,"[np.int64(85), np.int64(857), np.int64(437), np.int64(651), np.int64(88), np.int64(770), np.int64(432)]",1000,10,7,0.1,uniform,frank_wolfe,-0.6269681238095971
0.21937823295593262,684.7241821289062,0.93152755,1,1.0617874,0.23231636150461993,True,33,,,"[np.int64(85), np.int64(857), np.int64(437), np.int64(651), np.int64(88), np.int64(770), np.int64(432)]",1000,10,7,0.1,uniform,frank_wolfe,-0.6588064659869052
0.22412109375,706.39599609375,0.92936045,2,1.1729261,0.24023980629438965,True,34,,,"[np.int64(85), np.int64(857), np.int64(437), np.int64(651), np.int64(88), np.int64(770), np.int64(432)]",1000,10,7,0.1,uniform,frank_wolfe,-0.6495172667665319
0.20319008827209473,543.0634155273438,0.9456937,3,1.3229865,0.235982080359157,True,30,,,"[np.int64(85), np.int64(857), np.int64(437), np.int64(651), np.int64(88), np.int64(770), np.int64(432)]",1000,10,7,0.1,uniform,frank_wolfe,-0.6920974810029034
0.2329552173614502,557.3117065429688,0.9442688,4,1.0848504,0.2127617340205469,True,32,,,"[np.int64(85), np.int64(857), np.int64(437), np.int64(651), np.int64(88), np.int64(770), np.int64(432)]",1000,10,7,0.1,uniform,frank_wolfe,-0.6327275584679001
0.1494579315185547,690.1494140625,0.93098503,0,1.1774123,0.24097693484858698,True,36,,,"[np.int64(868), np.int64(661), np.int64(921), np.int64(22), np.int64(330), np.int64(856), np.int64(914)]",1000,10,7,0.1,furthest_sum,projected_gradients,-0.8254810326264441
0.3078429698944092,681.149169921875,0.93188506,1,1.0589541,0.2316964542635428,True,75,,,"[np.int64(856), np.int64(768), np.int64(417), np.int64(408), np.int64(915), np.int64(743), np.int64(340)]",1000,10,7,0.1,furthest_sum,projected_gradients,-0.5116707597951785
0.11725306510925293,704.0611572265625,0.92959386,2,1.1689206,0.23941940996696937,True,29,,,"[np.int64(240), np.int64(791), np.int64(341), np.int64(502), np.int64(809), np.int64(884), np.int64(11)]",1000,10,7,0.1,furthest_sum,projected_gradients,-0.9308757955840014
0.18181085586547852,538.6819458007812,0.9461318,3,1.3144877,0.2344661452612998,True,51,,,"[np.int64(890), np.int64(281), np.int64(660), np.int64(827), np.int64(210), np.int64(946), np.int64(876)]",1000,10,7,0.1,furthest_sum,projected_gradients,-0.7403801887613785
0.06975507736206055,556.0526733398438,0.9443947,4,1.0776161,0.21134293046544775,True,21,,,"[np.int64(792), np.int64(612), np.int64(159), np.int64(725), np.int64(750), np.int64(868), np.int64(370)]",1000,10,7,0.1,furthest_sum,projected_gradients,-1.1564241752934792
0.3532989025115967,694.0863037109375,0.9305914,0,1.1760195,0.24069189118285997,True,37,,,"[np.int64(868), np.int64(661), np.int64(921), np.int64(22), np.int64(330), np.int64(856), np.int64(914)]",1000,10,7,0.1,furthest_sum,frank_wolfe,-0.451857711656289
0.29197001457214355,684.5536499023438,0.9315446,1,1.0650041,0.23302017675236789,True,39,,,"[np.int64(856), np.int64(768), np.int64(417), np.int64(408), np.int64(915), np.int64(743), np.int64(340)]",1000,10,7,0.1,furthest_sum,frank_wolfe,-0.5346617484643925
0.21571087837219238,706.0459594726562,0.9293954,2,1.1701385,0.2396688495169969,True,29,,,"[np.int64(240), np.int64(791), np.int64(341), np.int64(502), np.int64(809), np.int64(884), np.int64(11)]",1000,10,7,0.1,furthest_sum,frank_wolfe,-0.666127952728302
0.26241087913513184,542.0895385742188,0.945791,3,1.321495,0.23571605334375167,True,39,,,"[np.int64(890), np.int64(281), np.int64(660), np.int64(827), np.int64(210), np.int64(946), np.int64(876)]",1000,10,7,0.1,furthest_sum,frank_wolfe,-0.5810181637688848
0.13941407203674316,559.08349609375,0.9440917,4,1.0833442,0.21246633503365242,True,24,,,"[np.int64(792), np.int64(612), np.int64(159), np.int64(725), np.int64(750), np.int64(868), np.int64(370)]",1000,10,7,0.1,furthest_sum,frank_wolfe,-0.8556933876478892
0.13988113403320312,690.167724609375,0.9309832,0,1.1755999,0.2406060096709744,True,29,,,"[np.int64(89), np.int64(428), np.int64(130), np.int64(830), np.int64(144), np.int64(436), np.int64(376)]",1000,10,7,0.1,plus_plus,projected_gradients,-0.8542408554708425
0.19195103645324707,681.4489135742188,0.9318551,1,1.0597503,0.23187066053539682,True,34,,,"[np.int64(89), np.int64(447), np.int64(129), np.int64(824), np.int64(134), np.int64(449), np.int64(394)]",1000,10,7,0.1,plus_plus,projected_gradients,-0.7168095385363615
0.18175220489501953,703.4784545898438,0.92965215,2,1.1686305,0.2393599800663461,True,37,,,"[np.int64(89), np.int64(441), np.int64(145), np.int64(835), np.int64(147), np.int64(456), np.int64(391)]",1000,10,7,0.1,plus_plus,projected_gradients,-0.7405203118695748
0.19099807739257812,538.9047241210938,0.9461096,3,1.3140575,0.2343894054724262,True,35,,,"[np.int64(89), np.int64(446), np.int64(146), np.int64(843), np.int64(148), np.int64(453), np.int64(405)]",1000,10,7,0.1,plus_plus,projected_gradients,-0.7189710043857628
0.19106483459472656,555.8583374023438,0.94441414,4,1.0788395,0.21158287346524973,True,35,,,"[np.int64(89), np.int64(449), np.int64(138), np.int64(843), np.int64(136), np.int64(479), np.int64(416)]",1000,10,7,0.1,plus_plus,projected_gradients,-0.7188192373133474
0.2190101146697998,694.0863037109375,0.9305914,0,1.175128,0.2405094173682599,True,29,,,"[np.int64(89), np.int64(428), np.int64(130), np.int64(830), np.int64(144), np.int64(436), np.int64(376)]",1000,10,7,0.1,plus_plus,frank_wolfe,-0.6595358274254414
0.25799012184143066,684.5746459960938,0.9315426,1,1.0598539,0.23189332639109994,True,31,,,"[np.int64(89), np.int64(447), np.int64(129), np.int64(824), np.int64(134), np.int64(449), np.int64(394)]",1000,10,7,0.1,plus_plus,frank_wolfe,-0.588396922377418
0.2996039390563965,706.3648681640625,0.9293635,2,1.1695529,0.23954891538722642,True,34,,,"[np.int64(89), np.int64(441), np.int64(145), np.int64(835), np.int64(147), np.int64(456), np.int64(391)]",1000,10,7,0.1,plus_plus,frank_wolfe,-0.5234524810286091
0.2654709815979004,542.1104125976562,0.945789,3,1.3197889,0.23541173085598244,True,31,,,"[np.int64(89), np.int64(446), np.int64(146), np.int64(843), np.int64(148), np.int64(453), np.int64(405)]",1000,10,7,0.1,plus_plus,frank_wolfe,-0.5759829443402007
0.3187117576599121,558.4473266601562,0.9441553,4,1.0868934,0.21316241054111654,True,39,,,"[np.int64(89), np.int64(449), np.int64(138), np.int64(843), np.int64(136), np.int64(479), np.int64(416)]",1000,10,7,0.1,plus_plus,frank_wolfe,-0.4966019145851621
0.29560017585754395,1.981487512588501,0.9999009,0,0.2265775,0.02857496271228163,True,77,,,"[np.int64(654), np.int64(89), np.int64(773)]",1000,20,3,0.0,uniform,projected_gradients,-0.5292953119080027
0.3266582489013672,0.9751380085945129,0.99995124,1,0.17241198,0.024443046527616256,True,83,,,"[np.int64(654), np.int64(89), np.int64(773)]",1000,20,3,0.0,uniform,projected_gradients,-0.4859063703622372
0.373333215713501,1.0718251466751099,0.9999464,2,0.18081488,0.024113319868273194,True,89,,,"[np.int64(654), np.int64(89), np.int64(773)]",1000,20,3,0.0,uniform,projected_gradients,-0.4279033688753349
0.8460712432861328,0.042096395045518875,0.99999785,3,0.07038167,0.008358925129046792,True,202,,,"[np.int64(654), np.int64(89), np.int64(773)]",1000,20,3,0.0,uniform,projected_gradients,-0.0725930657277247
0.2666318416595459,1.2069892883300781,0.9999396,4,0.19577558,0.02386802239011751,True,66,,,"[np.int64(654), np.int64(89), np.int64(773)]",1000,20,3,0.0,uniform,projected_gradients,-0.5740879875880228
0.7488880157470703,2.0856523513793945,0.9998957,0,0.22630715,0.028540867131342768,True,55,,,"[np.int64(654), np.int64(89), np.int64(773)]",1000,20,3,0.0,uniform,frank_wolfe,-0.12558311925534824
1.2135300636291504,0.9974804520606995,0.9999501,1,0.17094131,0.0242345479178012,True,68,,,"[np.int64(654), np.int64(89), np.int64(773)]",1000,20,3,0.0,uniform,frank_wolfe,0.08405053988222314
1.6372060775756836,1.0964804887771606,0.9999452,2,0.17971931,0.023967216485357046,True,97,,,"[np.int64(654), np.int64(89), np.int64(773)]",1000,20,3,0.0,uniform,frank_wolfe,0.2141033481480937
3.2971341609954834,0.044600050896406174,0.99999774,3,0.07007823,0.008322886903571336,True,192,,,"[np.int64(654), np.int64(89), np.int64(773)]",1000,20,3,0.0,uniform,frank_wolfe,0.5181366190250439
0.7299249172210693,1.2967710494995117,0.99993515,4,0.19577514,0.023867967889769276,True,56,,,"[np.int64(654), np.int64(89), np.int64(773)]",1000,20,3,0.0,uniform,frank_wolfe,-0.13672181072010536
0.08576798439025879,1.983024001121521,0.9999009,0,0.22649153,0.028564119329047476,True,36,,,"[np.int64(219), np.int64(80), np.int64(687)]",1000,20,3,0.0,furthest_sum,projected_gradients,-1.0666747960372385
0.12186789512634277,0.980417013168335,0.999951,1,0.17051929,0.024174718249342083,True,37,,,"[np.int64(772), np.int64(969), np.int64(896)]",1000,20,3,0.0,furthest_sum,projected_gradients,-0.9141106898359082
0.14784002304077148,1.1237742900848389,0.99994385,2,0.17685704,0.023585505946959476,True,41,,,"[np.int64(942), np.int64(474), np.int64(227)]",1000,20,3,0.0,furthest_sum,projected_gradients,-0.8302079784394506
0.034097909927368164,0.04222685843706131,0.99999785,3,0.06996031,0.00830888201751049,True,10,,,"[np.int64(361), np.int64(59), np.int64(520)]",1000,20,3,0.0,furthest_sum,projected_gradients,-1.46727224079723
0.019858360290527344,1.2073029279708862,0.9999396,4,0.19577558,0.02386802239011751,True,10,,,"[np.int64(777), np.int64(933), np.int64(722)]",1000,20,3,0.0,furthest_sum,projected_gradients,-1.7020566141576021
2.5246877670288086,2.559514045715332,0.9998721,0,0.22668286,0.02858824914546455,True,168,,,"[np.int64(219), np.int64(80), np.int64(687)]",1000,20,3,0.0,furthest_sum,frank_wolfe,0.4022076757453209
3.5120151042938232,1.3771493434906006,0.99993116,1,0.16873123,0.02392122221930249,True,217,,,"[np.int64(772), np.int64(969), np.int64(896)]",1000,20,3,0.0,furthest_sum,frank_wolfe,0.5455563750294393
3.58075213432312,1.4622304439544678,0.99992687,2,0.17744939,0.023664501372514857,True,241,,,"[np.int64(942), np.int64(474), np.int64(227)]",1000,20,3,0.0,furthest_sum,frank_wolfe,0.553974259458879
7.354882001876831,0.14349642395973206,0.99999285,3,0.06995009,0.008307667971660014,True,441,,,"[np.int64(361), np.int64(59), np.int64(520)]",1000,20,3,0.0,furthest_sum,frank_wolfe,0.8665757095115643
2.4328997135162354,1.782243251800537,0.99991083,4,0.19577514,0.023867967889769276,True,169,,,"[np.int64(777), np.int64(933), np.int64(722)]",1000,20,3,0.0,furthest_sum,frank_wolfe,0.38612420726038593
0.27415919303894043,1.9813059568405151,0.999901,0,0.22678979,0.028601734781181755,True,71,,,"[np.int64(89), np.int64(457), np.int64(148)]",1000,20,3,0.0,plus_plus,projected_gradients,-0.5619971868800974
0.36972713470458984,0.9764054417610168,0.9999512,1,0.17189413,0.024369631018337237,True,89,,,"[np.int64(89), np.int64(441), np.int64(132)]",1000,20,3,0.0,plus_plus,projected_gradients,-0.43211867487989963
0.35695791244506836,1.0767676830291748,0.9999462,2,0.18069708,0.024097611002328958,True,89,,,"[np.int64(89), np.int64(448), np.int64(130)]",1000,20,3,0.0,plus_plus,projected_gradients,-0.4473829868860961
0.7459380626678467,0.04209242761135101,0.99999785,3,0.07045807,0.008367998617494881,True,183,,,"[np.int64(89), np.int64(408), np.int64(124)]",1000,20,3,0.0,plus_plus,projected_gradients,-0.1272972317207609
0.32807111740112305,1.206987977027893,0.9999396,4,0.19577558,0.02386802239011751,True,78,,,"[np.int64(89), np.int64(433), np.int64(137)]",1000,20,3,0.0,plus_plus,projected_gradients,-0.4840320021816187
0.8390312194824219,1.9941414594650269,0.9999003,0,0.22730261,0.028666409830402438,True,60,,,"[np.int64(89), np.int64(457), np.int64(148)]",1000,20,3,0.0,plus_plus,frank_wolfe,-0.07622187922291755
1.1679260730743408,1.0037612915039062,0.9999498,1,0.17080541,0.024215281416747312,True,68,,,"[np.int64(89), np.int64(441), np.int64(132)]",1000,20,3,0.0,plus_plus,frank_wolfe,0.06741535384489553
1.3824119567871094,1.1008583307266235,0.9999449,2,0.18021147,0.024032849935629815,True,89,,,"[np.int64(89), np.int64(448), np.int64(130)]",1000,20,3,0.0,plus_plus,frank_wolfe,0.14063748146019867
2.6519739627838135,0.04439971223473549,0.99999774,3,0.07027813,0.008346628048008845,True,148,,,"[np.int64(89), np.int64(408), np.int64(124)]",1000,20,3,0.0,plus_plus,frank_wolfe,0.42356925582820154
1.1685550212860107,1.2087205648422241,0.99993956,4,0.19577514,0.023867967889769276,True,76,,,"[np.int64(89), np.int64(433), np.int64(137)]",1000,20,3,0.0,plus_plus,frank_wolfe,0.0676491659180923
0.15182018280029297,170.8158721923828,0.9914592,0,0.3887469,0.049027054959669476,True,36,,,"[np.int64(654), np.int64(89), np.int64(773)]",1000,20,3,0.05,uniform,projected_gradients,-0.8186704899942424
0.12070822715759277,224.38824462890625,0.98878056,1,0.32298222,0.04578956495043431,True,32,,,"[np.int64(654), np.int64(89), np.int64(773)]",1000,20,3,0.05,uniform,projected_gradients,-0.9182631285159231
0.13440895080566406,214.59616088867188,0.9892702,2,0.41277364,0.055047145159030524,True,32,,,"[np.int64(654), np.int64(89), np.int64(773)]",1000,20,3,0.05,uniform,projected_gradients,-0.8715718089899985
0.18035197257995605,163.43434143066406,0.9918283,3,0.3255579,0.03866509506259717,True,42,,,"[np.int64(654), np.int64(89), np.int64(773)]",1000,20,3,0.05,uniform,projected_gradients,-0.7438791032712899
0.15120410919189453,179.99139404296875,0.9910004,4,0.40161678,0.04896319642122609,True,34,,,"[np.int64(654), np.int64(89), np.int64(773)]",1000,20,3,0.05,uniform,projected_gradients,-0.820436406089342
0.2653310298919678,172.20529174804688,0.99138975,0,0.38016593,0.047944862761670794,True,32,,,"[np.int64(654), np.int64(89), np.int64(773)]",1000,20,3,0.05,uniform,frank_wolfe,-0.5762119572441168
0.2965049743652344,225.638916015625,0.9887181,1,0.32076332,0.04547498861941105,True,32,,,"[np.int64(654), np.int64(89), np.int64(773)]",1000,20,3,0.05,uniform,frank_wolfe,-0.5279680162246747
0.30788302421569824,216.0404052734375,0.98919797,2,0.40573004,0.05410781657896103,True,33,,,"[np.int64(654), np.int64(89), np.int64(773)]",1000,20,3,0.05,uniform,frank_wolfe,-0.5116142561851209
0.409527063369751,162.86654663085938,0.99185663,3,0.29512838,0.03505111417222097,True,41,,,"[np.int64(654), np.int64(89), np.int64(773)]",1000,20,3,0.05,uniform,frank_wolfe,-0.38771739284428275
0.3411247730255127,180.9467315673828,0.9909526,4,0.39170203,0.04775443683108595,True,33,,,"[np.int64(654), np.int64(89), np.int64(773)]",1000,20,3,0.05,uniform,frank_wolfe,-0.46708674028884856
0.08853602409362793,170.85360717773438,0.99145734,0,0.38536832,0.04860096449737385,True,25,,,"[np.int64(219), np.int64(80), np.int64(331)]",1000,20,3,0.05,furthest_sum,projected_gradients,-1.0528799848754489
0.12219882011413574,224.79290771484375,0.98876035,1,0.32791725,0.04648920934572273,True,29,,,"[np.int64(327), np.int64(969), np.int64(896)]",1000,20,3,0.05,furthest_sum,projected_gradients,-0.9129329873863773
0.13051915168762207,214.8411102294922,0.98925793,2,0.41067252,0.054766941119359286,True,29,,,"[np.int64(942), np.int64(474), np.int64(227)]",1000,20,3,0.05,furthest_sum,projected_gradients,-0.8843257575824612
0.18697309494018555,161.45364379882812,0.9919273,3,0.2981874,0.03541442181734118,True,45,,,"[np.int64(468), np.int64(59), np.int64(561)]",1000,20,3,0.05,furthest_sum,projected_gradients,-0.7282208830874389
0.1158442497253418,179.93719482421875,0.9910031,4,0.40209857,0.049021933263196864,True,31,,,"[np.int64(777), np.int64(933), np.int64(722)]",1000,20,3,0.05,furthest_sum,projected_gradients,-0.9361255188401967
0.26876211166381836,174.0583953857422,0.99129707,0,0.3726071,0.04699157715458432,True,29,,,"[np.int64(219), np.int64(80), np.int64(331)]",1000,20,3,0.05,furthest_sum,frank_wolfe,-0.5706319553173035
0.27702808380126953,227.4131317138672,0.9886293,1,0.30823195,0.04369840174163881,True,24,,,"[np.int64(327), np.int64(969), np.int64(896)]",1000,20,3,0.05,furthest_sum,frank_wolfe,-0.5574762019764092
0.36033177375793457,217.6521759033203,0.9891174,2,0.403366,0.053792550271014,True,30,,,"[np.int64(942), np.int64(474), np.int64(227)]",1000,20,3,0.05,furthest_sum,frank_wolfe,-0.44329744046049335
0.28209519386291504,164.30545043945312,0.99178475,3,0.26250347,0.031176396583374504,True,26,,,"[np.int64(468), np.int64(59), np.int64(561)]",1000,20,3,0.05,furthest_sum,frank_wolfe,-0.5496043129818048
0.2702319622039795,182.7761993408203,0.99086124,4,0.37850282,0.04614525228239605,True,25,,,"[np.int64(777), np.int64(933), np.int64(722)]",1000,20,3,0.05,furthest_sum,frank_wolfe,-0.5682632852626044
0.13336920738220215,171.0641632080078,0.9914468,0,0.39385796,0.04967164053376787,True,31,,,"[np.int64(89), np.int64(456), np.int64(148)]",1000,20,3,0.05,plus_plus,projected_gradients,-0.874944429847337
0.15906190872192383,224.36276245117188,0.9887818,1,0.323782,0.04590294999918039,True,34,,,"[np.int64(89), np.int64(441), np.int64(132)]",1000,20,3,0.05,plus_plus,projected_gradients,-0.7984338103754963
0.1227409839630127,214.68838500976562,0.9892656,2,0.41120312,0.05483770156193264,True,32,,,"[np.int64(89), np.int64(448), np.int64(130)]",1000,20,3,0.05,plus_plus,projected_gradients,-0.9110103994813362
0.18122482299804688,161.65235900878906,0.9919174,3,0.2986177,0.035465525006813985,True,37,,,"[np.int64(89), np.int64(408), np.int64(124)]",1000,20,3,0.05,plus_plus,projected_gradients,-0.7417823157501464
0.16932892799377441,179.88780212402344,0.99100554,4,0.40751347,0.04968209234800685,True,37,,,"[np.int64(89), np.int64(433), np.int64(137)]",1000,20,3,0.05,plus_plus,projected_gradients,-0.7712688410944952
0.2813608646392822,171.83387756347656,0.9914083,0,0.38090906,0.04803858191624396,True,31,,,"[np.int64(89), np.int64(456), np.int64(148)]",1000,20,3,0.05,plus_plus,frank_wolfe,-0.5507363100753471
0.2965409755706787,225.68295288085938,0.9887158,1,0.31928074,0.045264802078198836,True,33,,,"[np.int64(89), np.int64(441), np.int64(132)]",1000,20,3,0.05,plus_plus,frank_wolfe,-0.527915288017401
0.2979550361633301,215.5477752685547,0.98922265,2,0.41273642,0.05504218111764802,True,33,,,"[np.int64(89), np.int64(448), np.int64(130)]",1000,20,3,0.05,plus_plus,frank_wolfe,-0.52584926954626
0.40354275703430176,162.53594970703125,0.99187326,3,0.29224223,0.03470833912179057,True,38,,,"[np.int64(89), np.int64(408), np.int64(124)]",1000,20,3,0.05,plus_plus,frank_wolfe,-0.3941104431964684
0.41141200065612793,181.26100158691406,0.99093693,4,0.4013041,0.04892507524431421,True,41,,,"[np.int64(89), np.int64(433), np.int64(137)]",1000,20,3,0.05,plus_plus,frank_wolfe,-0.38572304433132415
0.13015294075012207,637.624267578125,0.9681187,0,0.46859702,0.05909740457049375,True,29,,,"[np.int64(654), np.int64(89), np.int64(773)]",1000,20,3,0.1,uniform,projected_gradients,-0.8855460147455083
0.1317310333251953,841.46923828125,0.9579266,1,0.3876927,0.054963643210922966,True,27,,,"[np.int64(654), np.int64(89), np.int64(773)]",1000,20,3,0.1,uniform,projected_gradients,-0.8803119014677571
0.12979412078857422,796.4389038085938,0.960178,2,0.50870657,0.0678406800743625,True,28,,,"[np.int64(654), np.int64(89), np.int64(773)]",1000,20,3,0.1,uniform,projected_gradients,-0.8867449790834707
0.13822722434997559,612.0590209960938,0.96939707,3,0.38042438,0.04518134989457329,True,30,,,"[np.int64(654), np.int64(89), np.int64(773)]",1000,20,3,0.1,uniform,projected_gradients,-0.8594064126741054
0.14436101913452148,663.8065795898438,0.9668097,4,0.5226739,0.06372190162324375,True,31,,,"[np.int64(654), np.int64(89), np.int64(773)]",1000,20,3,0.1,uniform,projected_gradients,-0.8405500606459422
0.20294809341430664,639.6021728515625,0.9680199,0,0.4526261,0.057083222643885094,True,30,,,"[np.int64(654), np.int64(89), np.int64(773)]",1000,20,3,0.1,uniform,frank_wolfe,-0.6926150242852781
0.21034812927246094,845.38818359375,0.9577306,1,0.38546023,0.05464714445490419,True,27,,,"[np.int64(654), np.int64(89), np.int64(773)]",1000,20,3,0.1,uniform,frank_wolfe,-0.6770613460204581
0.22434377670288086,798.32861328125,0.9600836,2,0.49823046,0.06644359454451605,True,29,,,"[np.int64(654), np.int64(89), np.int64(773)]",1000,20,3,0.1,uniform,frank_wolfe,-0.6490859732942
0.2557709217071533,615.4730224609375,0.96922636,3,0.36910903,0.04383747546743439,True,29,,,"[np.int64(654), np.int64(89), np.int64(773)]",1000,20,3,0.1,uniform,frank_wolfe,-0.5921488314756654
0.2509119510650635,666.8994140625,0.9666551,4,0.5210804,0.0635276260485699,True,30,,,"[np.int64(654), np.int64(89), np.int64(773)]",1000,20,3,0.1,uniform,frank_wolfe,-0.6004786525235717
0.09308433532714844,637.6085205078125,0.9681195,0,0.46451285,0.0585823269534488,True,23,,,"[np.int64(219), np.int64(80), np.int64(331)]",1000,20,3,0.1,furthest_sum,projected_gradients,-1.0311233980022825
0.11954188346862793,842.8848876953125,0.95785576,1,0.39056757,0.055371218435520154,True,23,,,"[np.int64(327), np.int64(969), np.int64(896)]",1000,20,3,0.1,furthest_sum,projected_gradients,-0.9224799058255095
0.09247303009033203,796.55859375,0.96017206,2,0.5091841,0.06790436606244357,True,24,,,"[np.int64(942), np.int64(474), np.int64(227)]",1000,20,3,0.1,furthest_sum,projected_gradients,-1.033984911486058
0.1285393238067627,611.9209594726562,0.9694039,3,0.37044445,0.043996076576804564,True,29,,,"[np.int64(468), np.int64(59), np.int64(561)]",1000,20,3,0.1,furthest_sum,projected_gradients,-0.8909639890666963
0.08373475074768066,665.116943359375,0.9667441,4,0.51956135,0.0633424338652685,True,22,,,"[np.int64(777), np.int64(625), np.int64(392)]",1000,20,3,0.1,furthest_sum,projected_gradients,-1.0770942681017228
0.21462392807006836,642.6224975585938,0.96786886,0,0.454677,0.05734187022123047,True,25,,,"[np.int64(219), np.int64(80), np.int64(331)]",1000,20,3,0.1,furthest_sum,frank_wolfe,-0.668321860890628
0.18528389930725098,846.9706420898438,0.95765144,1,0.38750568,0.05493713064642447,True,22,,,"[np.int64(327), np.int64(969), np.int64(896)]",1000,20,3,0.1,furthest_sum,frank_wolfe,-0.732162318111321
0.20274090766906738,800.730712890625,0.9599635,2,0.49605668,0.06615370088683796,True,24,,,"[np.int64(942), np.int64(474), np.int64(227)]",1000,20,3,0.1,furthest_sum,frank_wolfe,-0.6930586135049456
0.2391819953918457,616.7722778320312,0.96916145,3,0.366429,0.04351917954558094,True,24,,,"[np.int64(468), np.int64(59), np.int64(561)]",1000,20,3,0.1,furthest_sum,frank_wolfe,-0.621271515303463
0.19940829277038574,667.9138793945312,0.9666043,4,0.50651544,0.06175193930266655,True,23,,,"[np.int64(777), np.int64(625), np.int64(392)]",1000,20,3,0.1,furthest_sum,frank_wolfe,-0.7002567846927207
0.12107491493225098,637.0842895507812,0.9681458,0,0.46207452,0.05827481461858966,True,28,,,"[np.int64(89), np.int64(454), np.int64(140)]",1000,20,3,0.1,plus_plus,projected_gradients,-0.9169458274184618
0.1425800323486328,840.927734375,0.95795363,1,0.39006004,0.055299264814259695,True,29,,,"[np.int64(89), np.int64(441), np.int64(132)]",1000,20,3,0.1,plus_plus,projected_gradients,-0.8459412910900572
0.10792803764343262,796.513671875,0.9601743,2,0.50376624,0.06718184169167404,True,27,,,"[np.int64(89), np.int64(448), np.int64(130)]",1000,20,3,0.1,plus_plus,projected_gradients,-0.9668657192460227
0.14755511283874512,611.3407592773438,0.969433,3,0.37362328,0.04437361298087205,True,32,,,"[np.int64(89), np.int64(409), np.int64(125)]",1000,20,3,0.1,plus_plus,projected_gradients,-0.8310457374403128
0.14030098915100098,664.27978515625,0.966786,4,0.52781945,0.06434922243156407,True,32,,,"[np.int64(89), np.int64(435), np.int64(137)]",1000,20,3,0.1,plus_plus,projected_gradients,-0.8529392670948962
0.2514221668243408,640.6273803710938,0.96796864,0,0.45801875,0.05776331888862344,True,31,,,"[np.int64(89), np.int64(454), np.int64(140)]",1000,20,3,0.1,plus_plus,frank_wolfe,-0.5995964350625618
0.22739791870117188,846.8811645507812,0.95765597,1,0.40646282,0.057624706140804526,True,28,,,"[np.int64(89), np.int64(441), np.int64(132)]",1000,20,3,0.1,plus_plus,frank_wolfe,-0.6432135145855433
0.22251200675964355,799.1144409179688,0.96004426,2,0.50461745,0.0672953588653867,True,27,,,"[np.int64(89), np.int64(448), np.int64(130)]",1000,20,3,0.1,plus_plus,frank_wolfe,-0.652646549497568
0.3371238708496094,614.9374389648438,0.9692531,3,0.36720526,0.04361137270087931,True,36,,,"[np.int64(89), np.int64(409), np.int64(125)]",1000,20,3,0.1,plus_plus,frank_wolfe,-0.4722104951467057
0.25348591804504395,668.0221557617188,0.9665989,4,0.5295178,0.06455628015457722,True,30,,,"[np.int64(89), np.int64(435), np.int64(137)]",1000,20,3,0.1,plus_plus,frank_wolfe,-0.5960461621105366
0.1698160171508789,350.0196838378906,0.982499,0,1.4536095,0.21356655716767722,True,31,,,"[np.int64(85), np.int64(857), np.int64(437), np.int64(651), np.int64(88), np.int64(770), np.int64(432)]",1000,20,7,0.0,uniform,projected_gradients,-0.7700213492382525
0.20310688018798828,528.5240478515625,0.9735738,1,1.6664075,0.2408733042108922,True,34,,,"[np.int64(85), np.int64(857), np.int64(437), np.int64(651), np.int64(88), np.int64(770), np.int64(432)]",1000,20,7,0.0,uniform,projected_gradients,-0.6922753647435541
0.19848084449768066,522.6449584960938,0.9738678,2,1.6853346,0.23858480348983882,True,32,,,"[np.int64(85), np.int64(857), np.int64(437), np.int64(651), np.int64(88), np.int64(770), np.int64(432)]",1000,20,7,0.0,uniform,projected_gradients,-0.7022814008927274
0.18076086044311523,588.0282592773438,0.97059864,3,1.7393986,0.24404026660770314,True,30,,,"[np.int64(85), np.int64(857), np.int64(437), np.int64(651), np.int64(88), np.int64(770), np.int64(432)]",1000,20,7,0.0,uniform,projected_gradients,-0.7428956000427194
0.2181999683380127,670.7509155273438,0.9664625,4,1.8884528,0.25470198582789105,True,37,,,"[np.int64(85), np.int64(857), np.int64(437), np.int64(651), np.int64(88), np.int64(770), np.int64(432)]",1000,20,7,0.0,uniform,projected_gradients,-0.6611453167661342
0.3936641216278076,352.3214416503906,0.9823839,0,1.4526651,0.21342780798236585,True,34,,,"[np.int64(85), np.int64(857), np.int64(437), np.int64(651), np.int64(88), np.int64(770), np.int64(432)]",1000,20,7,0.0,uniform,frank_wolfe,-0.4048741648112422
0.5511109828948975,532.0935668945312,0.9733953,1,1.6647772,0.24063764921061728,True,44,,,"[np.int64(85), np.int64(857), np.int64(437), np.int64(651), np.int64(88), np.int64(770), np.int64(432)]",1000,20,7,0.0,uniform,frank_wolfe,-0.2587609339879188
0.5113406181335449,527.5994262695312,0.97362,2,1.691035,0.23939179179345535,True,35,,,"[np.int64(85), np.int64(857), np.int64(437), np.int64(651), np.int64(88), np.int64(770), np.int64(432)]",1000,20,7,0.0,uniform,frank_wolfe,-0.2912897078981004
0.4153478145599365,593.279052734375,0.970336,3,1.7457168,0.24492672129017878,True,34,,,"[np.int64(85), np.int64(857), np.int64(437), np.int64(651), np.int64(88), np.int64(770), np.int64(432)]",1000,20,7,0.0,uniform,frank_wolfe,-0.3815880703246793
0.43652987480163574,674.0927124023438,0.9662954,4,1.8903906,0.25496335237116563,True,35,,,"[np.int64(85), np.int64(857), np.int64(437), np.int64(651), np.int64(88), np.int64(770), np.int64(432)]",1000,20,7,0.0,uniform,frank_wolfe,-0.3599860291233106
0.16635894775390625,350.05877685546875,0.9824971,0,1.450843,0.213160100169,True,30,,,"[np.int64(838), np.int64(817), np.int64(802), np.int64(447), np.int64(147), np.int64(237), np.int64(806)]",1000,20,7,0.0,furthest_sum,projected_gradients,-0.778953835278235
0.14937925338745117,528.556640625,0.9735722,1,1.6644427,0.24058929823586067,True,29,,,"[np.int64(973), np.int64(816), np.int64(875), np.int64(556), np.int64(300), np.int64(149), np.int64(943)]",1000,20,7,0.0,furthest_sum,projected_gradients,-0.8257097155394154
0.10553383827209473,522.4810180664062,0.973876,2,1.6867626,0.23878695980613615,True,23,,,"[np.int64(734), np.int64(697), np.int64(541), np.int64(212), np.int64(388), np.int64(560), np.int64(989)]",1000,20,7,0.0,furthest_sum,projected_gradients,-0.9766082662565614
0.16285300254821777,588.6805419921875,0.97056603,3,1.7459815,0.24496385133291562,True,29,,,"[np.int64(169), np.int64(853), np.int64(200), np.int64(994), np.int64(607), np.int64(954), np.int64(386)]",1000,20,7,0.0,furthest_sum,projected_gradients,-0.7882042298648335
0.12723684310913086,670.9169921875,0.9664541,4,1.8877741,0.25461045287200634,True,27,,,"[np.int64(460), np.int64(120), np.int64(195), np.int64(249), np.int64(305), np.int64(535), np.int64(529)]",1000,20,7,0.0,furthest_sum,projected_gradients,-0.8953871147713119
0.5018939971923828,354.08026123046875,0.982296,0,1.4550781,0.21378233474443006,True,35,,,"[np.int64(838), np.int64(817), np.int64(802), np.int64(447), np.int64(147), np.int64(237), np.int64(806)]",1000,20,7,0.0,furthest_sum,frank_wolfe,-0.29938799858336285
0.4352991580963135,533.2911376953125,0.97333544,1,1.6655375,0.24074755032145037,True,32,,,"[np.int64(973), np.int64(816), np.int64(875), np.int64(556), np.int64(300), np.int64(149), np.int64(943)]",1000,20,7,0.0,furthest_sum,frank_wolfe,-0.36121217280235113
0.3767402172088623,527.8601684570312,0.973607,2,1.6908246,0.23936200584318698,True,30,,,"[np.int64(734), np.int64(697), np.int64(541), np.int64(212), np.int64(388), np.int64(560), np.int64(989)]",1000,20,7,0.0,furthest_sum,frank_wolfe,-0.4239580161662701
0.4583468437194824,594.6596069335938,0.970267,3,1.7489728,0.2453835378925534,True,31,,,"[np.int64(169), np.int64(853), np.int64(200), np.int64(994), np.int64(607), np.int64(954), np.int64(386)]",1000,20,7,0.0,furthest_sum,frank_wolfe,-0.3388057549540877
0.37659215927124023,675.0692138671875,0.9662466,4,1.8901174,0.2549265012320671,True,30,,,"[np.int64(460), np.int64(120), np.int64(195), np.int64(249), np.int64(305), np.int64(535), np.int64(529)]",1000,20,7,0.0,furthest_sum,frank_wolfe,-0.4241287263286014
0.20473504066467285,349.91412353515625,0.9825043,0,1.4525899,0.21341675638732274,True,33,,,"[np.int64(89), np.int64(444), np.int64(136), np.int64(825), np.int64(135), np.int64(467), np.int64(397)]",1000,20,7,0.0,plus_plus,projected_gradients,-0.6888078209185983
0.2573409080505371,528.9592895507812,0.97355205,1,1.6706997,0.24149373371805066,True,45,,,"[np.int64(89), np.int64(420), np.int64(118), np.int64(809), np.int64(119), np.int64(446), np.int64(377)]",1000,20,7,0.0,plus_plus,projected_gradients,-0.5894911709274433
0.1783759593963623,522.4979248046875,0.9738751,2,1.6875811,0.23890282968406398,True,28,,,"[np.int64(89), np.int64(430), np.int64(138), np.int64(825), np.int64(132), np.int64(444), np.int64(388)]",1000,20,7,0.0,plus_plus,projected_gradients,-0.7486636780150648
0.21629714965820312,588.0465087890625,0.9705976,3,1.7442513,0.24472110113459009,True,27,,,"[np.int64(89), np.int64(432), np.int64(129), np.int64(833), np.int64(137), np.int64(469), np.int64(404)]",1000,20,7,0.0,plus_plus,projected_gradients,-0.6649492036116263
0.19032597541809082,670.9778442382812,0.96645105,4,1.8893427,0.2548220092804959,True,33,,,"[np.int64(89), np.int64(440), np.int64(134), np.int64(828), np.int64(136), np.int64(457), np.int64(409)]",1000,20,7,0.0,plus_plus,projected_gradients,-0.7205019357755079
0.42999815940856934,353.2333984375,0.9823383,0,1.4503063,0.213081250278534,True,33,,,"[np.int64(89), np.int64(444), np.int64(136), np.int64(825), np.int64(135), np.int64(467), np.int64(397)]",1000,20,7,0.0,plus_plus,frank_wolfe,-0.3665334033981172
0.6566791534423828,532.9002075195312,0.973355,1,1.6667461,0.2409222582804872,True,46,,,"[np.int64(89), np.int64(420), np.int64(118), np.int64(809), np.int64(119), np.int64(446), np.int64(377)]",1000,20,7,0.0,plus_plus,frank_wolfe,-0.18264677035568683
0.41324305534362793,526.6536865234375,0.97366726,2,1.6903161,0.2392900132857678,True,29,,,"[np.int64(89), np.int64(430), np.int64(138), np.int64(825), np.int64(132), np.int64(444), np.int64(388)]",1000,20,7,0.0,plus_plus,frank_wolfe,-0.383794436126227
0.4093151092529297,594.8189697265625,0.9702591,3,1.744764,0.24479303641108163,True,33,,,"[np.int64(89), np.int64(432), np.int64(129), np.int64(833), np.int64(137), np.int64(469), np.int64(404)]",1000,20,7,0.0,plus_plus,frank_wolfe,-0.38794222372985665
0.4614241123199463,674.781494140625,0.9662609,4,1.8908781,0.25502909596094475,True,34,,,"[np.int64(89), np.int64(440), np.int64(134), np.int64(828), np.int64(136), np.int64(457), np.int64(409)]",1000,20,7,0.0,plus_plus,frank_wolfe,-0.33589971459627826
0.16827797889709473,731.283447265625,0.9634358,0,1.5080767,0.22156896284370664,True,29,,,"[np.int64(85), np.int64(857), np.int64(437), np.int64(651), np.int64(88), np.int64(770), np.int64(432)]",1000,20,7,0.05,uniform,projected_gradients,-0.7739727127182111
0.16056585311889648,895.2841186523438,0.95523584,1,1.712395,0.24752063275074734,True,29,,,"[np.int64(85), np.int64(857), np.int64(437), np.int64(651), np.int64(88), np.int64(770), np.int64(432)]",1000,20,7,0.05,uniform,projected_gradients,-0.794346808863205
0.165787935256958,895.9949340820312,0.9552003,2,1.7325464,0.24526836570864105,True,29,,,"[np.int64(85), np.int64(857), np.int64(437), np.int64(651), np.int64(88), np.int64(770), np.int64(432)]",1000,20,7,0.05,uniform,projected_gradients,-0.780447077175217
0.16417217254638672,880.7134399414062,0.9559643,3,1.7571821,0.24653532185339724,True,29,,,"[np.int64(85), np.int64(857), np.int64(437), np.int64(651), np.int64(88), np.int64(770), np.int64(432)]",1000,20,7,0.05,uniform,projected_gradients,-0.7847004546083669
0.2562892436981201,958.4335327148438,0.95207834,4,1.9080228,0.2573414567049005,True,40,,,"[np.int64(85), np.int64(857), np.int64(437), np.int64(651), np.int64(88), np.int64(770), np.int64(432)]",1000,20,7,0.05,uniform,projected_gradients,-0.5912696205054895
0.34297800064086914,736.0974731445312,0.9631951,0,1.5085799,0.22164289118392366,True,31,,,"[np.int64(85), np.int64(857), np.int64(437), np.int64(651), np.int64(88), np.int64(770), np.int64(432)]",1000,20,7,0.05,uniform,frank_wolfe,-0.4647337356618448
0.3334331512451172,898.8194580078125,0.955059,1,1.7141422,0.2477731916377779,True,30,,,"[np.int64(85), np.int64(857), np.int64(437), np.int64(651), np.int64(88), np.int64(770), np.int64(432)]",1000,20,7,0.05,uniform,frank_wolfe,-0.476991223083072
0.38574981689453125,898.9486083984375,0.95505255,2,1.7372233,0.24593044072333153,True,31,,,"[np.int64(85), np.int64(857), np.int64(437), np.int64(651), np.int64(88), np.int64(770), np.int64(432)]",1000,20,7,0.05,uniform,frank_wolfe,-0.4136942714131318
0.43079185485839844,884.9869384765625,0.9557507,3,1.7655967,0.2477159066852289,True,33,,,"[np.int64(85), np.int64(857), np.int64(437), np.int64(651), np.int64(88), np.int64(770), np.int64(432)]",1000,20,7,0.05,uniform,frank_wolfe,-0.3657325166635013
0.48639392852783203,964.511962890625,0.9517744,4,1.9126625,0.2579672347087629,True,37,,,"[np.int64(85), np.int64(857), np.int64(437), np.int64(651), np.int64(88), np.int64(770), np.int64(432)]",1000,20,7,0.05,uniform,frank_wolfe,-0.3130118548358902
0.16286492347717285,731.2333374023438,0.9634384,0,1.5081419,0.22157854322799916,True,30,,,"[np.int64(838), np.int64(817), np.int64(802), np.int64(447), np.int64(147), np.int64(237), np.int64(806)]",1000,20,7,0.05,furthest_sum,projected_gradients,-0.7881724404344522
0.13193893432617188,895.5477905273438,0.95522267,1,1.7130451,0.24761461215784733,True,28,,,"[np.int64(973), np.int64(875), np.int64(816), np.int64(556), np.int64(300), np.int64(149), np.int64(943)]",1000,20,7,0.05,furthest_sum,projected_gradients,-0.8796270280479879
0.10044598579406738,896.3270263671875,0.9551837,2,1.7364424,0.24581990362743475,True,23,,,"[np.int64(697), np.int64(989), np.int64(541), np.int64(212), np.int64(388), np.int64(560), np.int64(734)]",1000,20,7,0.05,furthest_sum,projected_gradients,-0.9980674146381882
0.13805389404296875,880.0054931640625,0.95599973,3,1.7577258,0.24661160569345256,True,24,,,"[np.int64(994), np.int64(200), np.int64(404), np.int64(853), np.int64(687), np.int64(954), np.int64(386)]",1000,20,7,0.05,furthest_sum,projected_gradients,-0.8599513388434622
0.11616802215576172,959.58984375,0.9520205,4,1.907173,0.2572268515916831,True,24,,,"[np.int64(460), np.int64(120), np.int64(249), np.int64(195), np.int64(679), np.int64(535), np.int64(529)]",1000,20,7,0.05,furthest_sum,projected_gradients,-0.9349134047562243
0.40660595893859863,734.5367431640625,0.96327317,0,1.5096327,0.22179757848569973,True,31,,,"[np.int64(838), np.int64(817), np.int64(802), np.int64(447), np.int64(147), np.int64(237), np.int64(806)]",1000,20,7,0.05,furthest_sum,frank_wolfe,-0.39082626092870376
0.40512824058532715,899.828125,0.95500857,1,1.7133538,0.24765922394460602,True,30,,,"[np.int64(973), np.int64(875), np.int64(816), np.int64(556), np.int64(300), np.int64(149), np.int64(943)]",1000,20,7,0.05,furthest_sum,frank_wolfe,-0.39240748206230197
0.3070671558380127,901.0911865234375,0.9549454,2,1.7372006,0.2459272343037559,True,25,,,"[np.int64(697), np.int64(989), np.int64(541), np.int64(212), np.int64(388), np.int64(560), np.int64(734)]",1000,20,7,0.05,furthest_sum,frank_wolfe,-0.5127666335769031
0.3225090503692627,885.1719970703125,0.9557414,3,1.763134,0.24737037985959795,True,26,,,"[np.int64(994), np.int64(200), np.int64(404), np.int64(853), np.int64(687), np.int64(954), np.int64(386)]",1000,20,7,0.05,furthest_sum,frank_wolfe,-0.49145809352397074
0.2897801399230957,963.7025146484375,0.95181483,4,1.9088057,0.25744705804940266,True,25,,,"[np.int64(460), np.int64(120), np.int64(249), np.int64(195), np.int64(679), np.int64(535), np.int64(529)]",1000,20,7,0.05,furthest_sum,frank_wolfe,-0.5379313822097864
0.20577788352966309,731.5955810546875,0.9634202,0,1.5084941,0.22163029832047518,True,33,,,"[np.int64(89), np.int64(442), np.int64(138), np.int64(826), np.int64(145), np.int64(464), np.int64(399)]",1000,20,7,0.05,plus_plus,projected_gradients,-0.6866013039038651
0.1876239776611328,897.4815673828125,0.95512587,1,1.7040899,0.2463201638593205,True,34,,,"[np.int64(89), np.int64(421), np.int64(118), np.int64(816), np.int64(115), np.int64(430), np.int64(377)]",1000,20,7,0.05,plus_plus,projected_gradients,-0.7267116611568719
0.26933979988098145,896.9590454101562,0.95515203,2,1.7390821,0.2461935865151359,True,42,,,"[np.int64(89), np.int64(429), np.int64(126), np.int64(824), np.int64(130), np.int64(451), np.int64(395)]",1000,20,7,0.05,plus_plus,projected_gradients,-0.5696994668946537
0.18791794776916504,880.0784912109375,0.9559961,3,1.7578136,0.24662391547338694,True,30,,,"[np.int64(89), np.int64(432), np.int64(133), np.int64(826), np.int64(128), np.int64(449), np.int64(393)]",1000,20,7,0.05,plus_plus,projected_gradients,-0.7260317390858887
0.1677849292755127,958.6382446289062,0.9520681,4,1.9083853,0.2573903503846555,True,28,,,"[np.int64(89), np.int64(439), np.int64(139), np.int64(828), np.int64(141), np.int64(460), np.int64(404)]",1000,20,7,0.05,plus_plus,projected_gradients,-0.7752470508161489
0.41165685653686523,735.841064453125,0.9632079,0,1.5096451,0.22179939998472425,True,32,,,"[np.int64(89), np.int64(442), np.int64(138), np.int64(826), np.int64(145), np.int64(464), np.int64(399)]",1000,20,7,0.05,plus_plus,frank_wolfe,-0.385464646604151
0.5250110626220703,899.6978759765625,0.9550151,1,1.7163327,0.248089816427925,True,36,,,"[np.int64(89), np.int64(421), np.int64(118), np.int64(816), np.int64(115), np.int64(430), np.int64(377)]",1000,20,7,0.05,plus_plus,frank_wolfe,-0.27983154538432403
0.5563511848449707,899.5293579101562,0.9550235,2,1.7382323,0.24607327827747968,True,42,,,"[np.int64(89), np.int64(429), np.int64(126), np.int64(824), np.int64(130), np.int64(451), np.int64(395)]",1000,20,7,0.05,plus_plus,frank_wolfe,-0.2546509827103707
0.379528284072876,883.9168701171875,0.9558042,3,1.7622563,0.24724723188452075,True,31,,,"[np.int64(89), np.int64(432), np.int64(133), np.int64(826), np.int64(128), np.int64(449), np.int64(393)]",1000,20,7,0.05,plus_plus,frank_wolfe,-0.4207558530779855
0.341475248336792,964.8804321289062,0.95175594,4,1.9136696,0.2581030629910946,True,30,,,"[np.int64(89), np.int64(439), np.int64(139), np.int64(828), np.int64(141), np.int64(460), np.int64(404)]",1000,20,7,0.05,plus_plus,frank_wolfe,-0.4666407704607099
0.17383670806884766,1705.8455810546875,0.9147077,0,1.632577,0.23986073627872648,True,29,,,"[np.int64(85), np.int64(857), np.int64(437), np.int64(651), np.int64(88), np.int64(770), np.int64(432)]",1000,20,7,0.1,uniform,projected_gradients,-0.7598585108078203
0.14599084854125977,1806.9423828125,0.9096528,1,1.7817317,0.2575430178564002,True,27,,,"[np.int64(85), np.int64(857), np.int64(437), np.int64(651), np.int64(88), np.int64(770), np.int64(432)]",1000,20,7,0.1,uniform,projected_gradients,-0.835674367178566
0.13755321502685547,1834.6129150390625,0.90826935,2,1.8231314,0.2580920526558534,True,29,,,"[np.int64(85), np.int64(857), np.int64(437), np.int64(651), np.int64(88), np.int64(770), np.int64(432)]",1000,20,7,0.1,uniform,projected_gradients,-0.86152925440476
0.16756200790405273,1674.37158203125,0.91628146,3,1.7841939,0.2503251117244721,True,30,,,"[np.int64(85), np.int64(857), np.int64(437), np.int64(651), np.int64(88), np.int64(770), np.int64(432)]",1000,20,7,0.1,uniform,projected_gradients,-0.7758244441067985
0.27342891693115234,1746.9949951171875,0.9126503,4,1.9509583,0.26313231094485173,True,41,,,"[np.int64(85), np.int64(857), np.int64(437), np.int64(651), np.int64(88), np.int64(770), np.int64(432)]",1000,20,7,0.1,uniform,projected_gradients,-0.5631555578020699
0.3122439384460449,1714.6080322265625,0.9142696,0,1.6449519,0.24167889005024726,True,30,,,"[np.int64(85), np.int64(857), np.int64(437), np.int64(651), np.int64(88), np.int64(770), np.int64(432)]",1000,20,7,0.1,uniform,frank_wolfe,-0.5055059837784434
0.2878909111022949,1812.089599609375,0.9093955,1,1.7869297,0.2582943706373294,True,27,,,"[np.int64(85), np.int64(857), np.int64(437), np.int64(651), np.int64(88), np.int64(770), np.int64(432)]",1000,20,7,0.1,uniform,frank_wolfe,-0.5407720458562978
0.2958719730377197,1839.582763671875,0.9080209,2,1.8173784,0.25727762208364285,True,28,,,"[np.int64(85), np.int64(857), np.int64(437), np.int64(651), np.int64(88), np.int64(770), np.int64(432)]",1000,20,7,0.1,uniform,frank_wolfe,-0.5288961721545036
0.33764100074768066,1681.61376953125,0.91591936,3,1.7909839,0.251277764924584,True,31,,,"[np.int64(85), np.int64(857), np.int64(437), np.int64(651), np.int64(88), np.int64(770), np.int64(432)]",1000,20,7,0.1,uniform,frank_wolfe,-0.47154482117764446
0.38034510612487793,1756.817138671875,0.9121592,4,1.9592724,0.264253666025692,True,35,,,"[np.int64(85), np.int64(857), np.int64(437), np.int64(651), np.int64(88), np.int64(770), np.int64(432)]",1000,20,7,0.1,uniform,frank_wolfe,-0.41982216741115513
0.17857837677001953,1707.408935546875,0.9146296,0,1.6411154,0.24111522367422156,True,28,,,"[np.int64(817), np.int64(806), np.int64(838), np.int64(447), np.int64(147), np.int64(237), np.int64(802)]",1000,20,7,0.1,furthest_sum,projected_gradients,-0.7481711289748283
0.09913396835327148,1807.007568359375,0.9096496,1,1.7813995,0.25749499427598443,True,24,,,"[np.int64(300), np.int64(728), np.int64(875), np.int64(556), np.int64(973), np.int64(816), np.int64(377)]",1000,20,7,0.1,furthest_sum,projected_gradients,-1.0037775085757068
0.08004403114318848,1836.3135986328125,0.9081843,2,1.8204496,0.25771239570220605,True,22,,,"[np.int64(697), np.int64(989), np.int64(541), np.int64(212), np.int64(388), np.int64(560), np.int64(734)]",1000,20,7,0.1,furthest_sum,projected_gradients,-1.0966710477325068
0.11663103103637695,1676.001708984375,0.9161999,3,1.7878078,0.25083215423600835,True,23,,,"[np.int64(169), np.int64(200), np.int64(404), np.int64(853), np.int64(687), np.int64(954), np.int64(56)]",1000,20,7,0.1,furthest_sum,projected_gradients,-0.933185885126718
0.13753175735473633,1749.1114501953125,0.9125444,4,1.950735,0.2631021965541312,True,25,,,"[np.int64(195), np.int64(120), np.int64(249), np.int64(529), np.int64(266), np.int64(535), np.int64(460)]",1000,20,7,0.1,furthest_sum,projected_gradients,-0.8615970076413985
0.3328840732574463,1710.8302001953125,0.9144585,0,1.637133,0.24053011965583013,True,28,,,"[np.int64(817), np.int64(806), np.int64(838), np.int64(447), np.int64(147), np.int64(237), np.int64(802)]",1000,20,7,0.1,furthest_sum,frank_wolfe,-0.4777069830406038
0.2004847526550293,1814.2593994140625,0.90928704,1,1.7802442,0.2573280059308788,True,23,,,"[np.int64(300), np.int64(728), np.int64(875), np.int64(556), np.int64(973), np.int64(816), np.int64(377)]",1000,20,7,0.1,furthest_sum,frank_wolfe,-0.6979186509220102
0.21519684791564941,1842.80810546875,0.90785956,2,1.8205225,0.2577227237484181,True,23,,,"[np.int64(697), np.int64(989), np.int64(541), np.int64(212), np.int64(388), np.int64(560), np.int64(734)]",1000,20,7,0.1,furthest_sum,frank_wolfe,-0.6671640942643176
0.24864602088928223,1678.7823486328125,0.91606086,3,1.7861547,0.2506002252708588,True,24,,,"[np.int64(169), np.int64(200), np.int64(404), np.int64(853), np.int64(687), np.int64(954), np.int64(56)]",1000,20,7,0.1,furthest_sum,frank_wolfe,-0.6044184864404234
0.2581748962402344,1752.843505859375,0.9123578,4,1.9560264,0.2638158738500755,True,26,,,"[np.int64(195), np.int64(120), np.int64(249), np.int64(529), np.int64(266), np.int64(535), np.int64(460)]",1000,20,7,0.1,furthest_sum,frank_wolfe,-0.5880859888487436
0.15565800666809082,1705.9168701171875,0.9147042,0,1.6260353,0.23889963282707774,True,27,,,"[np.int64(89), np.int64(441), np.int64(136), np.int64(822), np.int64(137), np.int64(440), np.int64(374)]",1000,20,7,0.1,plus_plus,projected_gradients,-0.8078285353583495
0.15478301048278809,1806.523681640625,0.9096738,1,1.7820485,0.25758880137027346,True,26,,,"[np.int64(89), np.int64(422), np.int64(125), np.int64(824), np.int64(128), np.int64(445), np.int64(377)]",1000,20,7,0.1,plus_plus,projected_gradients,-0.8102767106977178
0.14849090576171875,1835.3702392578125,0.90823144,2,1.8218771,0.2579144845149334,True,26,,,"[np.int64(89), np.int64(429), np.int64(126), np.int64(822), np.int64(138), np.int64(456), np.int64(393)]",1000,20,7,0.1,plus_plus,projected_gradients,-0.8283001436426946
0.15620899200439453,1675.6925048828125,0.91621536,3,1.7836192,0.25024447932085303,True,25,,,"[np.int64(89), np.int64(433), np.int64(131), np.int64(829), np.int64(129), np.int64(456), np.int64(396)]",1000,20,7,0.1,plus_plus,projected_gradients,-0.8062939700394551
0.23459100723266602,1747.1229248046875,0.91264385,4,1.9523264,0.2633168399690374,True,34,,,"[np.int64(89), np.int64(440), np.int64(135), np.int64(832), np.int64(142), np.int64(463), np.int64(399)]",1000,20,7,0.1,plus_plus,projected_gradients,-0.6296886400639924
0.3193800449371338,1714.6197509765625,0.91426903,0,1.6523904,0.24277175443614207,True,28,,,"[np.int64(89), np.int64(441), np.int64(136), np.int64(822), np.int64(137), np.int64(440), np.int64(374)]",1000,20,7,0.1,plus_plus,frank_wolfe,-0.4956922223378721
0.28687477111816406,1813.3992919921875,0.90933007,1,1.7871082,0.2583201658651308,True,26,,,"[np.int64(89), np.int64(422), np.int64(125), np.int64(824), np.int64(128), np.int64(445), np.int64(377)]",1000,20,7,0.1,plus_plus,frank_wolfe,-0.5423076436185608
0.3013730049133301,1840.8804931640625,0.90795594,2,1.8228542,0.25805279932989067,True,27,,,"[np.int64(89), np.int64(429), np.int64(126), np.int64(822), np.int64(138), np.int64(456), np.int64(393)]",1000,20,7,0.1,plus_plus,frank_wolfe,-0.5208956516306645
0.30991220474243164,1683.7960205078125,0.91581017,3,1.7905668,0.2512192432941623,True,26,,,"[np.int64(89), np.int64(433), np.int64(131), np.int64(829), np.int64(129), np.int64(456), np.int64(396)]",1000,20,7,0.1,plus_plus,frank_wolfe,-0.5087613203469693
0.3387930393218994,1757.379638671875,0.9121311,4,1.9659475,0.26515396250641654,True,31,,,"[np.int64(89), np.int64(440), np.int64(135), np.int64(832), np.int64(142), np.int64(463), np.int64(399)]",1000,20,7,0.1,plus_plus,frank_wolfe,-0.4700655210542692
4.762360095977783,0.46953079104423523,0.9999953,0,0.054923862,0.010075007259855,True,168,,,"[np.int64(6545), np.int64(892), np.int64(7738)]",10000,10,3,0.0,uniform,projected_gradients,0.6778222305866041
4.653901100158691,0.3292836844921112,0.9999967,1,0.046568107,0.008934562250986964,True,185,,,"[np.int64(6545), np.int64(892), np.int64(7738)]",10000,10,3,0.0,uniform,projected_gradients,0.6678171498764266
7.021097898483276,0.11382196098566055,0.9999988,2,0.03501801,0.006387064057336573,True,254,,,"[np.int64(6545), np.int64(892), np.int64(7738)]",10000,10,3,0.0,uniform,projected_gradients,0.846405028649923
4.267644166946411,0.8528726100921631,0.9999915,3,0.07238249,0.011598986762560881,True,159,,,"[np.int64(6545), np.int64(892), np.int64(7738)]",10000,10,3,0.0,uniform,projected_gradients,0.6301882011052822
9.35465121269226,0.03623904287815094,0.9999996,4,0.023149088,0.00434088616636322,True,356,,,"[np.int64(6545), np.int64(892), np.int64(7738)]",10000,10,3,0.0,uniform,projected_gradients,0.9710275995081863
13.947409868240356,0.48364847898483276,0.9999952,0,0.055944134,0.010262161634152474,True,152,,,"[np.int64(6545), np.int64(892), np.int64(7738)]",10000,10,3,0.0,uniform,frank_wolfe,1.1444935635685272
18.68848490715027,0.34936368465423584,0.9999965,1,0.047961056,0.009201813675202647,True,208,,,"[np.int64(6545), np.int64(892), np.int64(7738)]",10000,10,3,0.0,uniform,frank_wolfe,1.2715740941484586
26.392759084701538,0.12030158191919327,0.9999988,2,0.03541705,0.006459846789456234,True,311,,,"[np.int64(6545), np.int64(892), np.int64(7738)]",10000,10,3,0.0,uniform,frank_wolfe,1.4214847935025932
15.550075769424438,0.979698896408081,0.9999902,3,0.075298466,0.012066259945127288,True,182,,,"[np.int64(6545), np.int64(892), np.int64(7738)]",10000,10,3,0.0,uniform,frank_wolfe,1.1917325095148024
29.117506980895996,0.04087481647729874,0.9999996,4,0.024674939,0.004627011708136092,True,322,,,"[np.int64(6545), np.int64(892), np.int64(7738)]",10000,10,3,0.0,uniform,frank_wolfe,1.4641541882650038
0.9225053787231445,0.4724749028682709,0.9999953,0,0.054732233,0.010039855636995606,True,44,,,"[np.int64(4169), np.int64(5931), np.int64(5088)]",10000,10,3,0.0,furthest_sum,projected_gradients,-0.035031092981399156
0.28847384452819824,0.6255905628204346,0.99999374,1,0.048447117,0.009295069389240697,True,10,,,"[np.int64(4057), np.int64(2330), np.int64(1530)]",10000,10,3,0.0,furthest_sum,projected_gradients,-0.5398935575239132
0.8761489391326904,0.11460873484611511,0.9999988,2,0.034900766,0.006365679793911814,True,29,,,"[np.int64(9405), np.int64(576), np.int64(8745)]",10000,10,3,0.0,furthest_sum,projected_gradients,-0.05742206056103909
0.2876567840576172,0.9116208553314209,0.9999909,3,0.06643031,0.010645175240459085,True,10,,,"[np.int64(4134), np.int64(6498), np.int64(5991)]",10000,10,3,0.0,furthest_sum,projected_gradients,-0.5411253791769993
0.3358299732208252,0.03595719113945961,0.9999996,4,0.02244226,0.004208342858118733,True,10,,,"[np.int64(3287), np.int64(8158), np.int64(724)]",10000,10,3,0.0,furthest_sum,projected_gradients,-0.4738805451738737
26.70546793937683,1.0736000537872314,0.9999893,0,0.054519776,0.010000883393541212,True,318,,,"[np.int64(4169), np.int64(5931), np.int64(5088)]",10000,10,3,0.0,furthest_sum,frank_wolfe,1.426600192180039
25.977274894714355,1.0106531381607056,0.9999899,1,0.046476018,0.008916894011226237,True,256,,,"[np.int64(4057), np.int64(2330), np.int64(1530)]",10000,10,3,0.0,furthest_sum,frank_wolfe,1.414593590144919
36.092609882354736,0.4820600152015686,0.9999952,2,0.03478774,0.006345064689936623,True,420,,,"[np.int64(9405), np.int64(576), np.int64(8745)]",10000,10,3,0.0,furthest_sum,frank_wolfe,1.5574182873386297
25.03933596611023,1.6685627698898315,0.9999833,3,0.06770692,0.010849746946934849,True,298,,,"[np.int64(4134), np.int64(6498), np.int64(5991)]",10000,10,3,0.0,furthest_sum,frank_wolfe,1.3986228073627516
39.98996305465698,0.2705826163291931,0.99999726,4,0.022441939,0.004208282432550971,False,499,,,"[np.int64(3287), np.int64(8158), np.int64(724)]",10000,10,3,0.0,furthest_sum,frank_wolfe,1.6019510029040638
5.07672905921936,0.4702012538909912,0.9999953,0,0.055027932,0.010094097379143492,True,172,,,"[np.int64(892), np.int64(4345), np.int64(2012)]",10000,10,3,0.0,plus_plus,projected_gradients,0.7055839860900842
5.150761127471924,0.3294740915298462,0.9999967,1,0.046577647,0.008936392686344052,True,199,,,"[np.int64(892), np.int64(4413), np.int64(2006)]",10000,10,3,0.0,plus_plus,projected_gradients,0.7118714094367157
7.560229778289795,0.11380830407142639,0.9999988,2,0.035018682,0.006387187041312166,True,269,,,"[np.int64(892), np.int64(4452), np.int64(2049)]",10000,10,3,0.0,plus_plus,projected_gradients,0.8785349952269765
5.5380940437316895,2.6952834129333496,0.99997306,3,0.08493378,0.013610278223944478,True,180,,,"[np.int64(892), np.int64(4326), np.int64(1977)]",10000,10,3,0.0,plus_plus,projected_gradients,0.7433603263331651
10.997497081756592,0.03580179810523987,0.9999996,4,0.023131274,0.00433754564538015,True,392,,,"[np.int64(892), np.int64(4337), np.int64(2004)]",10000,10,3,0.0,plus_plus,projected_gradients,1.041293855406602
19.469439029693604,0.48310285806655884,0.9999952,0,0.055940438,0.010261483749046011,True,204,,,"[np.int64(892), np.int64(4345), np.int64(2012)]",10000,10,3,0.0,plus_plus,frank_wolfe,1.28935343843229
20.185348987579346,0.36150842905044556,0.9999964,1,0.047750454,0.00916140758303464,True,207,,,"[np.int64(892), np.int64(4413), np.int64(2006)]",10000,10,3,0.0,plus_plus,frank_wolfe,1.3050362623948224
17.194947004318237,0.11804627627134323,0.9999988,2,0.035168912,0.0064145880069683145,True,172,,,"[np.int64(892), np.int64(4452), np.int64(2049)]",10000,10,3,0.0,plus_plus,frank_wolfe,1.2354008416429045
12.256035089492798,0.9005451202392578,0.999991,3,0.072530836,0.01162275898246726,True,140,,,"[np.int64(892), np.int64(4326), np.int64(1977)]",10000,10,3,0.0,plus_plus,frank_wolfe,1.0883499956918643
33.01187086105347,0.03671881929039955,0.9999996,4,0.022705736,0.004257749317141854,True,328,,,"[np.int64(892), np.int64(4337), np.int64(2004)]",10000,10,3,0.0,plus_plus,frank_wolfe,1.5186701375265614
1.1184189319610596,812.623291015625,0.99187374,0,0.1409956,0.02586365387518179,True,37,,,"[np.int64(6545), np.int64(892), np.int64(7738)]",10000,10,3,0.05,uniform,projected_gradients,0.04860450995438723
1.087062120437622,890.7361450195312,0.9910927,1,0.09824535,0.018849364447669843,True,37,,,"[np.int64(6545), np.int64(892), np.int64(7738)]",10000,10,3,0.05,uniform,projected_gradients,0.03625436266256833
1.2305700778961182,803.6339721679688,0.9919637,2,0.098730065,0.018007741772184917,True,42,,,"[np.int64(6545), np.int64(892), np.int64(7738)]",10000,10,3,0.05,uniform,projected_gradients,0.09010635073040055
1.570457935333252,620.5628051757812,0.9937944,3,0.13951962,0.022357427180965752,True,45,,,"[np.int64(6545), np.int64(892), np.int64(7738)]",10000,10,3,0.05,uniform,projected_gradients,0.1960263083261762
1.3074510097503662,840.5071411132812,0.9915949,4,0.10347507,0.019403507641712357,True,42,,,"[np.int64(6545), np.int64(892), np.int64(7738)]",10000,10,3,0.05,uniform,projected_gradients,0.11642542480991373
2.1735317707061768,813.9766235351562,0.9918602,0,0.13472733,0.024713826797641832,True,33,,,"[np.int64(6545), np.int64(892), np.int64(7738)]",10000,10,3,0.05,uniform,frank_wolfe,0.33716599269411424
2.1611459255218506,895.808349609375,0.99104196,1,0.11651173,0.022353954149179598,True,34,,,"[np.int64(6545), np.int64(892), np.int64(7738)]",10000,10,3,0.05,uniform,frank_wolfe,0.334684092431256
2.6508569717407227,809.4599609375,0.9919054,2,0.107328534,0.01957604837728291,True,42,,,"[np.int64(6545), np.int64(892), np.int64(7738)]",10000,10,3,0.05,uniform,frank_wolfe,0.423386295798167
2.548171043395996,622.2840576171875,0.9937772,3,0.13735713,0.022010897916011324,True,39,,,"[np.int64(6545), np.int64(892), np.int64(7738)]",10000,10,3,0.05,uniform,frank_wolfe,0.40622857621821823
2.226797103881836,847.5468139648438,0.9915245,4,0.12626289,0.023676648713157947,True,39,,,"[np.int64(6545), np.int64(892), np.int64(7738)]",10000,10,3,0.05,uniform,frank_wolfe,0.34768064780242575
1.5631158351898193,807.5948486328125,0.99192405,0,0.11767501,0.021585818909724167,True,52,,,"[np.int64(4169), np.int64(5105), np.int64(5088)]",10000,10,3,0.05,furthest_sum,projected_gradients,0.1939911627406905
1.266124963760376,890.941650390625,0.99109054,1,0.103988804,0.0199513036862678,True,41,,,"[np.int64(9421), np.int64(2330), np.int64(1530)]",10000,10,3,0.05,furthest_sum,projected_gradients,0.10247657171077003
1.2258341312408447,803.47509765625,0.99196523,2,0.09575439,0.0174649978600924,True,40,,,"[np.int64(6530), np.int64(3753), np.int64(8745)]",10000,10,3,0.05,furthest_sum,projected_gradients,0.08843170936655367
1.8284428119659424,638.982666015625,0.99361014,3,0.20569633,0.0329619648317029,True,59,,,"[np.int64(4134), np.int64(9063), np.int64(5991)]",10000,10,3,0.05,furthest_sum,projected_gradients,0.262081381498771
1.4080419540405273,841.3304443359375,0.99158674,4,0.10938176,0.020511121571448767,True,43,,,"[np.int64(3287), np.int64(2517), np.int64(724)]",10000,10,3,0.05,furthest_sum,projected_gradients,0.1486155952441929
1.292306900024414,814.3933715820312,0.9918561,0,0.107241094,0.019671864979776254,True,25,,,"[np.int64(4169), np.int64(5105), np.int64(5088)]",10000,10,3,0.05,furthest_sum,frank_wolfe,0.1113656631632703
1.6970298290252686,898.8759765625,0.99101126,1,0.09995035,0.01917648561717506,True,22,,,"[np.int64(9421), np.int64(2330), np.int64(1530)]",10000,10,3,0.05,furthest_sum,frank_wolfe,0.22968947606382867
1.4163939952850342,810.4862060546875,0.99189514,2,0.08542041,0.015580144091206075,True,22,,,"[np.int64(6530), np.int64(3753), np.int64(8745)]",10000,10,3,0.05,furthest_sum,frank_wolfe,0.15118407692531174
1.5134551525115967,621.687255859375,0.9937831,3,0.086342394,0.013836002681165123,True,23,,,"[np.int64(4134), np.int64(9063), np.int64(5991)]",10000,10,3,0.05,furthest_sum,frank_wolfe,0.17996955624382105
1.2993381023406982,847.7296142578125,0.9915227,4,0.08717414,0.016346778655801825,True,24,,,"[np.int64(3287), np.int64(2517), np.int64(724)]",10000,10,3,0.05,furthest_sum,frank_wolfe,0.11372217407152087
1.8556640148162842,808.603515625,0.991914,0,0.11978466,0.02197280520317307,True,50,,,"[np.int64(892), np.int64(4345), np.int64(2013)]",10000,10,3,0.05,plus_plus,projected_gradients,0.2684993459559786
1.8914811611175537,890.5509643554688,0.99109447,1,0.10101519,0.019380785360427737,True,46,,,"[np.int64(892), np.int64(4413), np.int64(2006)]",10000,10,3,0.05,plus_plus,projected_gradients,0.27680202013923844
1.8988151550292969,802.7510986328125,0.9919725,2,0.08819721,0.016086615204662747,True,52,,,"[np.int64(892), np.int64(4445), np.int64(2076)]",10000,10,3,0.05,plus_plus,projected_gradients,0.27848268929834014
1.5941057205200195,617.9141845703125,0.99382085,3,0.12588999,0.020173336717448143,True,41,,,"[np.int64(892), np.int64(4321), np.int64(1977)]",10000,10,3,0.05,plus_plus,projected_gradients,0.20251712026959173
1.5146231651306152,840.5301513671875,0.9915947,4,0.10171613,0.019073673457603607,True,39,,,"[np.int64(892), np.int64(4332), np.int64(1996)]",10000,10,3,0.05,plus_plus,projected_gradients,0.18030459477795371
2.5212349891662598,812.0831298828125,0.99187917,0,0.12606578,0.023124987111435687,True,38,,,"[np.int64(892), np.int64(4345), np.int64(2013)]",10000,10,3,0.05,plus_plus,frank_wolfe,0.40161332554242074
2.24068284034729,897.2950439453125,0.99102706,1,0.12232212,0.023468735739396514,True,40,,,"[np.int64(892), np.int64(4413), np.int64(2006)]",10000,10,3,0.05,plus_plus,frank_wolfe,0.35038038824638884
2.5950119495391846,810.797607421875,0.99189204,2,0.11954532,0.021804312815256282,True,38,,,"[np.int64(892), np.int64(4445), np.int64(2076)]",10000,10,3,0.05,plus_plus,frank_wolfe,0.41413936203302404
2.61738920211792,619.484619140625,0.99380517,3,0.11502838,0.01843281049456028,True,40,,,"[np.int64(892), np.int64(4321), np.int64(1977)]",10000,10,3,0.05,plus_plus,frank_wolfe,0.41786830642451844
2.271876811981201,850.1648559570312,0.99149835,4,0.12833998,0.02406614144452644,True,39,,,"[np.int64(892), np.int64(4332), np.int64(1996)]",10000,10,3,0.05,plus_plus,frank_wolfe,0.35638477891959874
1.0724668502807617,3121.861328125,0.9687814,0,0.104126446,0.019100526738261337,True,33,,,"[np.int64(6545), np.int64(892), np.int64(7738)]",10000,10,3,0.1,uniform,projected_gradients,0.03038387711537295
1.1378140449523926,3441.545654296875,0.9655845,1,0.095604,0.018342594731892026,True,31,,,"[np.int64(6545), np.int64(892), np.int64(7738)]",10000,10,3,0.1,uniform,projected_gradients,0.056071290310357166
1.1044318675994873,3120.049072265625,0.96879953,2,0.08707306,0.015881577135916487,True,35,,,"[np.int64(6545), np.int64(892), np.int64(7738)]",10000,10,3,0.1,uniform,projected_gradients,0.04313892940776916
1.0973899364471436,2426.84521484375,0.97573155,3,0.19153416,0.03069253745943995,True,34,,,"[np.int64(6545), np.int64(892), np.int64(7738)]",10000,10,3,0.1,uniform,projected_gradients,0.04036097320513636
1.3284180164337158,3256.561767578125,0.96743435,4,0.1004063,0.018828055050917468,True,33,,,"[np.int64(6545), np.int64(892), np.int64(7738)]",10000,10,3,0.1,uniform,projected_gradients,0.12333475700816587
1.6159210205078125,3128.56982421875,0.9687143,0,0.105175145,0.019292895771074365,True,29,,,"[np.int64(6545), np.int64(892), np.int64(7738)]",10000,10,3,0.1,uniform,frank_wolfe,0.20842013045103255
1.7692530155181885,3463.23291015625,0.9653677,1,0.124018095,0.02379412582165657,True,31,,,"[np.int64(6545), np.int64(892), np.int64(7738)]",10000,10,3,0.1,uniform,frank_wolfe,0.2477899444902633
2.037580966949463,3125.648193359375,0.9687435,2,0.09987038,0.018215727379528552,True,35,,,"[np.int64(6545), np.int64(892), np.int64(7738)]",10000,10,3,0.1,uniform,frank_wolfe,0.3091148752283168
1.7154581546783447,2417.804931640625,0.975822,3,0.12827387,0.020555344626706624,True,32,,,"[np.int64(6545), np.int64(892), np.int64(7738)]",10000,10,3,0.1,uniform,frank_wolfe,0.2343801287379009
1.7671828269958496,3271.70166015625,0.96728295,4,0.11560377,0.02167786453884535,True,35,,,"[np.int64(6545), np.int64(892), np.int64(7738)]",10000,10,3,0.1,uniform,frank_wolfe,0.24728148252771862
1.4403960704803467,3122.60693359375,0.9687739,0,0.09780363,0.017940695388585656,True,39,,,"[np.int64(5617), np.int64(5005), np.int64(3955)]",10000,10,3,0.1,furthest_sum,projected_gradients,0.15848192790958526
1.109217882156372,3444.7998046875,0.96555203,1,0.10550317,0.020241850455892923,True,29,,,"[np.int64(9421), np.int64(8649), np.int64(7273)]",10000,10,3,0.1,furthest_sum,projected_gradients,0.04501686240170952
1.2712798118591309,3113.04638671875,0.96886957,2,0.073580585,0.013420635169753777,True,33,,,"[np.int64(6530), np.int64(3753), np.int64(88)]",10000,10,3,0.1,furthest_sum,projected_gradients,0.10424115037454362
1.0862698554992676,2462.158203125,0.97537845,3,0.2560365,0.04102876219148889,True,31,,,"[np.int64(6558), np.int64(9063), np.int64(5991)]",10000,10,3,0.1,furthest_sum,projected_gradients,0.03593772782722454
1.290818214416504,3253.100341796875,0.967469,4,0.09477675,0.01777240990370186,True,32,,,"[np.int64(4553), np.int64(2152), np.int64(3458)]",10000,10,3,0.1,furthest_sum,projected_gradients,0.11086508499710403
1.117720127105713,3137.5224609375,0.9686248,0,0.092706,0.017005607552372046,True,22,,,"[np.int64(5617), np.int64(5005), np.int64(3955)]",10000,10,3,0.1,furthest_sum,frank_wolfe,0.04833307146646924
1.0861492156982422,3450.25927734375,0.96549743,1,0.07408195,0.01421337128766342,True,21,,,"[np.int64(9421), np.int64(8649), np.int64(7273)]",10000,10,3,0.1,furthest_sum,frank_wolfe,0.03588949293495009
1.2588119506835938,3129.683837890625,0.96870315,2,0.07561892,0.013792415048503722,True,21,,,"[np.int64(6530), np.int64(3753), np.int64(88)]",10000,10,3,0.1,furthest_sum,frank_wolfe,0.0999608572879758
1.2262160778045654,2417.04345703125,0.97582954,3,0.09411657,0.015081781143389768,True,21,,,"[np.int64(6558), np.int64(9063), np.int64(5991)]",10000,10,3,0.1,furthest_sum,frank_wolfe,0.08856700617714545
1.113792896270752,3266.123046875,0.96733874,4,0.08989272,0.016856563673511717,True,22,,,"[np.int64(4553), np.int64(2152), np.int64(3458)]",10000,10,3,0.1,furthest_sum,frank_wolfe,0.04680444364868397
1.1504271030426025,3119.9189453125,0.9688008,0,0.10054245,0.018443092988113936,True,39,,,"[np.int64(892), np.int64(4345), np.int64(2013)]",10000,10,3,0.1,plus_plus,projected_gradients,0.06085910475228994
0.9185199737548828,3443.013427734375,0.96556985,1,0.09534311,0.018292540437113577,True,34,,,"[np.int64(892), np.int64(4413), np.int64(2008)]",10000,10,3,0.1,plus_plus,projected_gradients,-0.03691139526757749
0.9961180686950684,3114.09130859375,0.9688591,2,0.087849826,0.016023254675800302,True,31,,,"[np.int64(892), np.int64(4443), np.int64(1985)]",10000,10,3,0.1,plus_plus,projected_gradients,-0.0016891821146975351
1.0741000175476074,2429.6142578125,0.97570384,3,0.19677836,0.031532897551458675,True,35,,,"[np.int64(892), np.int64(4320), np.int64(1977)]",10000,10,3,0.1,plus_plus,projected_gradients,0.03104472367878838
1.0298550128936768,3254.35546875,0.96745646,4,0.09380356,0.017589919100570305,True,33,,,"[np.int64(892), np.int64(4329), np.int64(2005)]",10000,10,3,0.1,plus_plus,projected_gradients,0.012776087295079603
1.547482967376709,3136.51025390625,0.9686349,0,0.1166507,0.02139792446529534,True,32,,,"[np.int64(892), np.int64(4345), np.int64(2013)]",10000,10,3,0.1,plus_plus,frank_wolfe,0.1896258775855213
1.6433260440826416,3451.072509765625,0.96548927,1,0.100014,0.019188697572860812,True,32,,,"[np.int64(892), np.int64(4413), np.int64(2008)]",10000,10,3,0.1,plus_plus,frank_wolfe,0.21572373817519014
1.6587588787078857,3120.360595703125,0.96879643,2,0.08331155,0.015195501855229682,True,30,,,"[np.int64(892), np.int64(4443), np.int64(1985)]",10000,10,3,0.1,plus_plus,frank_wolfe,0.21978326049255004
1.895317792892456,2420.35107421875,0.97579646,3,0.13385285,0.02144935249780593,True,33,,,"[np.int64(892), np.int64(4320), np.int64(1977)]",10000,10,3,0.1,plus_plus,frank_wolfe,0.2776820397015625
1.4538319110870361,3280.012939453125,0.96719986,4,0.13092165,0.024550252930833197,True,32,,,"[np.int64(892), np.int64(4329), np.int64(2005)]",10000,10,3,0.1,plus_plus,frank_wolfe,0.162514197233292
1.8584978580474854,544.6937255859375,0.994553,0,0.74661833,0.15280781518555353,True,39,,,"[np.int64(859), np.int64(8585), np.int64(4387), np.int64(6543), np.int64(891), np.int64(7735), np.int64(4329)]",10000,10,7,0.0,uniform,projected_gradients,0.26916206489975997
2.256889820098877,572.1213989257812,0.9942787,1,0.7569564,0.16562012489660638,True,42,,,"[np.int64(859), np.int64(8585), np.int64(4387), np.int64(6543), np.int64(891), np.int64(7735), np.int64(4329)]",10000,10,7,0.0,uniform,projected_gradients,0.35351035761960026
2.3921196460723877,728.354736328125,0.9927165,2,0.7978374,0.1634137922131146,True,39,,,"[np.int64(859), np.int64(8585), np.int64(4387), np.int64(6543), np.int64(891), np.int64(7735), np.int64(4329)]",10000,10,7,0.0,uniform,projected_gradients,0.37878289786215985
2.8783202171325684,738.988525390625,0.9926101,3,0.91065586,0.16243436050901433,True,43,,,"[np.int64(859), np.int64(8585), np.int64(4387), np.int64(6543), np.int64(891), np.int64(7735), np.int64(4329)]",10000,10,7,0.0,uniform,projected_gradients,0.45913910815430925
2.6947152614593506,450.3970031738281,0.99549603,4,0.7278436,0.1427452655075927,True,50,,,"[np.int64(859), np.int64(8585), np.int64(4387), np.int64(6543), np.int64(891), np.int64(7735), np.int64(4329)]",10000,10,7,0.0,uniform,projected_gradients,0.43051288198654997
4.452147960662842,558.868896484375,0.99441135,0,0.74674386,0.15283350644464885,True,44,,,"[np.int64(859), np.int64(8585), np.int64(4387), np.int64(6543), np.int64(891), np.int64(7735), np.int64(4329)]",10000,10,7,0.0,uniform,frank_wolfe,0.6485695890480324
4.692758083343506,586.5333251953125,0.99413466,1,0.7575664,0.16575359001010795,True,53,,,"[np.int64(859), np.int64(8585), np.int64(4387), np.int64(6543), np.int64(891), np.int64(7735), np.int64(4329)]",10000,10,7,0.0,uniform,frank_wolfe,0.6714281664483767
4.375913858413696,742.5739135742188,0.9925743,2,0.7985361,0.16355690986410193,True,46,,,"[np.int64(859), np.int64(8585), np.int64(4387), np.int64(6543), np.int64(891), np.int64(7735), np.int64(4329)]",10000,10,7,0.0,uniform,frank_wolfe,0.6410687641517421
4.320363759994507,755.9957275390625,0.9924401,3,0.9132004,0.16288822883639234,True,45,,,"[np.int64(859), np.int64(8585), np.int64(4387), np.int64(6543), np.int64(891), np.int64(7735), np.int64(4329)]",10000,10,7,0.0,uniform,frank_wolfe,0.6355203144786895
8.669689893722534,464.99749755859375,0.99535,4,0.7304453,0.14325552137533878,True,79,,,"[np.int64(859), np.int64(8585), np.int64(4387), np.int64(6543), np.int64(891), np.int64(7735), np.int64(4329)]",10000,10,7,0.0,uniform,frank_wolfe,0.9380035634677076
2.374685049057007,544.6265869140625,0.99455374,0,0.7462725,0.1527370361327183,True,45,,,"[np.int64(8908), np.int64(8973), np.int64(921), np.int64(6063), np.int64(5700), np.int64(330), np.int64(8476)]",10000,10,7,0.0,furthest_sum,projected_gradients,0.37560601794961307
2.5632519721984863,572.2728271484375,0.99427724,1,0.7568655,0.16560023684715455,True,45,,,"[np.int64(6795), np.int64(4808), np.int64(8694), np.int64(3916), np.int64(743), np.int64(3965), np.int64(9109)]",10000,10,7,0.0,furthest_sum,projected_gradients,0.4087913001977561
2.26692795753479,728.2857666015625,0.9927171,2,0.7976735,0.16338023165501822,True,40,,,"[np.int64(4318), np.int64(6050), np.int64(7300), np.int64(2270), np.int64(1055), np.int64(8904), np.int64(6070)]",10000,10,7,0.0,furthest_sum,projected_gradients,0.3554377185639875
1.8462779521942139,739.004150390625,0.9926099,3,0.9098752,0.16229511681063835,True,35,,,"[np.int64(2076), np.int64(1731), np.int64(210), np.int64(8134), np.int64(9540), np.int64(9810), np.int64(7989)]",10000,10,7,0.0,furthest_sum,projected_gradients,0.2662970834814463
2.8215432167053223,450.7125549316406,0.9954929,4,0.72787863,0.14275213905742626,True,48,,,"[np.int64(868), np.int64(5744), np.int64(4384), np.int64(9967), np.int64(6802), np.int64(1587), np.int64(2840)]",10000,10,7,0.0,furthest_sum,projected_gradients,0.45048670661134416
5.736902952194214,566.2459716796875,0.99433756,0,0.7479867,0.1530878694282179,True,57,,,"[np.int64(8908), np.int64(8973), np.int64(921), np.int64(6063), np.int64(5700), np.int64(330), np.int64(8476)]",10000,10,7,0.0,furthest_sum,frank_wolfe,0.7586775032408125
5.02168607711792,589.681640625,0.9941032,1,0.7565061,0.1655215975434205,True,48,,,"[np.int64(6795), np.int64(4808), np.int64(8694), np.int64(3916), np.int64(743), np.int64(3965), np.int64(9109)]",10000,10,7,0.0,furthest_sum,frank_wolfe,0.7008495599824938
4.974300861358643,743.52685546875,0.99256474,2,0.7986966,0.16358977455031348,True,46,,,"[np.int64(4318), np.int64(6050), np.int64(7300), np.int64(2270), np.int64(1055), np.int64(8904), np.int64(6070)]",10000,10,7,0.0,furthest_sum,frank_wolfe,0.6967320492242991
4.733678102493286,757.1063842773438,0.9924289,3,0.91255057,0.16277232177372955,True,48,,,"[np.int64(2076), np.int64(1731), np.int64(210), np.int64(8134), np.int64(9540), np.int64(9810), np.int64(7989)]",10000,10,7,0.0,furthest_sum,frank_wolfe,0.6751987218938564
6.1524741649627686,467.2984313964844,0.99532706,4,0.7307396,0.14331323347657732,True,55,,,"[np.int64(868), np.int64(5744), np.int64(4384), np.int64(9967), np.int64(6802), np.int64(1587), np.int64(2840)]",10000,10,7,0.0,furthest_sum,frank_wolfe,0.7890497987197947
2.658555269241333,544.6155395507812,0.9945538,0,0.74722654,0.15293229458147403,True,43,,,"[np.int64(892), np.int64(4388), np.int64(2062), np.int64(4472), np.int64(2221), np.int64(4274), np.int64(8750)]",10000,10,7,0.0,plus_plus,projected_gradients,0.42464569337956554
3.0757970809936523,572.6841430664062,0.9942731,1,0.75637907,0.16549380643956357,True,51,,,"[np.int64(892), np.int64(4402), np.int64(2056), np.int64(4480), np.int64(2225), np.int64(4235), np.int64(8680)]",10000,10,7,0.0,plus_plus,projected_gradients,0.4879576804429024
2.3227579593658447,728.3967895507812,0.992716,2,0.7978385,0.16341402417040957,True,43,,,"[np.int64(892), np.int64(4372), np.int64(2036), np.int64(4421), np.int64(2192), np.int64(4249), np.int64(8714)]",10000,10,7,0.0,plus_plus,projected_gradients,0.3660039569425427
2.1320912837982178,739.4950561523438,0.9926051,3,0.9105835,0.1624214535952304,True,41,,,"[np.int64(892), np.int64(4442), np.int64(1995), np.int64(4459), np.int64(2144), np.int64(4229), np.int64(8772)]",10000,10,7,0.0,plus_plus,projected_gradients,0.3288057947265688
2.353499174118042,450.4306945800781,0.9954957,4,0.7286307,0.14289963982579326,True,43,,,"[np.int64(892), np.int64(4328), np.int64(1974), np.int64(4313), np.int64(2111), np.int64(4116), np.int64(8735)]",10000,10,7,0.0,plus_plus,projected_gradients,0.3717140502414962
4.935319900512695,562.781005859375,0.9943722,0,0.74701977,0.1528899759785293,True,49,,,"[np.int64(892), np.int64(4388), np.int64(2062), np.int64(4472), np.int64(2221), np.int64(4274), np.int64(8750)]",10000,10,7,0.0,plus_plus,frank_wolfe,0.693315308277118
6.2706522941589355,590.0269165039062,0.99409974,1,0.757718,0.16578676718899674,True,62,,,"[np.int64(892), np.int64(4402), np.int64(2056), np.int64(4480), np.int64(2225), np.int64(4235), np.int64(8680)]",10000,10,7,0.0,plus_plus,frank_wolfe,0.7973127199406087
4.830810070037842,742.649169921875,0.9925735,2,0.7986968,0.1635898233834282,True,48,,,"[np.int64(892), np.int64(4372), np.int64(2036), np.int64(4421), np.int64(2192), np.int64(4249), np.int64(8714)]",10000,10,7,0.0,plus_plus,frank_wolfe,0.6840199629354934
3.9656341075897217,751.4552001953125,0.99248546,3,0.92015886,0.16412941890459146,True,46,,,"[np.int64(892), np.int64(4442), np.int64(1995), np.int64(4459), np.int64(2144), np.int64(4229), np.int64(8772)]",10000,10,7,0.0,plus_plus,frank_wolfe,0.598312641189183
5.9808149337768555,460.9082946777344,0.99539095,4,0.73006505,0.1431809410217026,True,60,,,"[np.int64(892), np.int64(4328), np.int64(1974), np.int64(4313), np.int64(2111), np.int64(4116), np.int64(8735)]",10000,10,7,0.0,plus_plus,frank_wolfe,0.7767603641103192
2.028367042541504,1556.7642822265625,0.98443234,0,0.7352413,0.15047931609732074,True,40,,,"[np.int64(859), np.int64(8585), np.int64(4387), np.int64(6543), np.int64(891), np.int64(7735), np.int64(4329)]",10000,10,7,0.05,uniform,projected_gradients,0.3071465453984916
1.570871114730835,1782.9173583984375,0.9821709,1,0.7550872,0.1652111483518136,True,31,,,"[np.int64(859), np.int64(8585), np.int64(4387), np.int64(6543), np.int64(891), np.int64(7735), np.int64(4329)]",10000,10,7,0.05,uniform,projected_gradients,0.19614055394042507
2.406144142150879,1923.9044189453125,0.98076093,2,0.8274412,0.169477277986029,True,45,,,"[np.int64(859), np.int64(8585), np.int64(4387), np.int64(6543), np.int64(891), np.int64(7735), np.int64(4329)]",10000,10,7,0.05,uniform,projected_gradients,0.3813216405705928
2.0757291316986084,1647.867431640625,0.98352134,3,0.94783866,0.16906668553731763,True,36,,,"[np.int64(859), np.int64(8585), np.int64(4387), np.int64(6543), np.int64(891), np.int64(7735), np.int64(4329)]",10000,10,7,0.05,uniform,projected_gradients,0.31717068044633107
2.5374021530151367,1442.527587890625,0.98557466,4,0.74090034,0.14530596675306776,True,41,,,"[np.int64(859), np.int64(8585), np.int64(4387), np.int64(6543), np.int64(891), np.int64(7735), np.int64(4329)]",10000,10,7,0.05,uniform,projected_gradients,0.404389304034602
3.825669288635254,1575.150390625,0.9842485,0,0.74110645,0.1516797176102543,True,42,,,"[np.int64(859), np.int64(8585), np.int64(4387), np.int64(6543), np.int64(891), np.int64(7735), np.int64(4329)]",10000,10,7,0.05,uniform,frank_wolfe,0.5827074245703834
3.2704880237579346,1800.404296875,0.98199594,1,0.75716114,0.1656649219129126,True,39,,,"[np.int64(859), np.int64(8585), np.int64(4387), np.int64(6543), np.int64(891), np.int64(7735), np.int64(4329)]",10000,10,7,0.05,uniform,frank_wolfe,0.5146125631223593
3.059631109237671,1948.0870361328125,0.9805191,2,0.8354527,0.17111819272365644,True,37,,,"[np.int64(859), np.int64(8585), np.int64(4387), np.int64(6543), np.int64(891), np.int64(7735), np.int64(4329)]",10000,10,7,0.05,uniform,frank_wolfe,0.48566906802407206
4.726371765136719,1675.6368408203125,0.9832436,3,0.95987016,0.17121275232632888,True,54,,,"[np.int64(859), np.int64(8585), np.int64(4387), np.int64(6543), np.int64(891), np.int64(7735), np.int64(4329)]",10000,10,7,0.05,uniform,frank_wolfe,0.674527879208627
4.263430833816528,1457.2528076171875,0.9854275,4,0.74871165,0.14683792670678733,True,45,,,"[np.int64(859), np.int64(8585), np.int64(4387), np.int64(6543), np.int64(891), np.int64(7735), np.int64(4329)]",10000,10,7,0.05,uniform,frank_wolfe,0.6297592217615674
0.8344130516052246,1555.6717529296875,0.9844433,0,0.73528874,0.15048902656372146,True,25,,,"[np.int64(8478), np.int64(8973), np.int64(438), np.int64(868), np.int64(5700), np.int64(330), np.int64(5735)]",10000,10,7,0.05,furthest_sum,projected_gradients,-0.07861891144178626
2.352597951889038,1783.2130126953125,0.9821679,1,0.75652564,0.16552587510422062,True,39,,,"[np.int64(7107), np.int64(3610), np.int64(8816), np.int64(8391), np.int64(743), np.int64(3965), np.int64(3138)]",10000,10,7,0.05,furthest_sum,projected_gradients,0.3715477145984656
1.8124961853027344,1925.1649169921875,0.98074836,2,0.8290402,0.16980478947822697,True,36,,,"[np.int64(9007), np.int64(6050), np.int64(2386), np.int64(8155), np.int64(2795), np.int64(8904), np.int64(6070)]",10000,10,7,0.05,furthest_sum,projected_gradients,0.2582771011996018
1.840027093887329,1645.8304443359375,0.9835417,3,0.9466489,0.1688544656806113,True,34,,,"[np.int64(5525), np.int64(1731), np.int64(210), np.int64(1652), np.int64(9540), np.int64(9545), np.int64(7989)]",10000,10,7,0.05,furthest_sum,projected_gradients,0.2648242179221066
2.1251111030578613,1443.184326171875,0.9855681,4,0.7378258,0.14470298810083226,True,40,,,"[np.int64(868), np.int64(5744), np.int64(9967), np.int64(2840), np.int64(6802), np.int64(1587), np.int64(4384)]",10000,10,7,0.05,furthest_sum,projected_gradients,0.32738164035508865
2.9563658237457275,1576.99365234375,0.9842301,0,0.7376211,0.15096638870031157,True,34,,,"[np.int64(8478), np.int64(8973), np.int64(438), np.int64(868), np.int64(5700), np.int64(330), np.int64(5735)]",10000,10,7,0.05,furthest_sum,frank_wolfe,0.4707581730935665
3.4817728996276855,1806.0023193359375,0.98194,1,0.7561162,0.16543629411295208,True,36,,,"[np.int64(7107), np.int64(3610), np.int64(8816), np.int64(8391), np.int64(743), np.int64(3965), np.int64(3138)]",10000,10,7,0.05,furthest_sum,frank_wolfe,0.5418004406311088
3.242319107055664,1948.2034912109375,0.980518,2,0.8335721,0.1707330093229654,True,35,,,"[np.int64(9007), np.int64(6050), np.int64(2386), np.int64(8155), np.int64(2795), np.int64(8904), np.int64(6070)]",10000,10,7,0.05,furthest_sum,frank_wolfe,0.5108557556122468
3.7309138774871826,1669.6658935546875,0.98330337,3,0.955143,0.1703695608722173,True,42,,,"[np.int64(5525), np.int64(1731), np.int64(210), np.int64(1652), np.int64(9540), np.int64(9545), np.int64(7989)]",10000,10,7,0.05,furthest_sum,frank_wolfe,0.571815224124246
3.939785957336426,1458.5675048828125,0.9854143,4,0.74562216,0.14623201393719093,True,40,,,"[np.int64(868), np.int64(5744), np.int64(9967), np.int64(2840), np.int64(6802), np.int64(1587), np.int64(4384)]",10000,10,7,0.05,furthest_sum,frank_wolfe,0.5954726278984781
2.160346031188965,1557.72412109375,0.98442274,0,0.7364387,0.15072438338315444,True,42,,,"[np.int64(892), np.int64(4392), np.int64(2033), np.int64(4459), np.int64(2251), np.int64(4316), np.int64(8718)]",10000,10,7,0.05,plus_plus,projected_gradients,0.334523319391609
2.134244680404663,1784.492919921875,0.9821551,1,0.7546938,0.16512507548205493,True,39,,,"[np.int64(892), np.int64(4401), np.int64(2075), np.int64(4413), np.int64(2192), np.int64(4210), np.int64(8720)]",10000,10,7,0.05,plus_plus,projected_gradients,0.32924420761800277
2.5041511058807373,2916.77099609375,0.9708323,2,1.0731419,0.2198019269531048,True,29,,,"[np.int64(892), np.int64(4378), np.int64(2043), np.int64(4421), np.int64(2247), np.int64(4262), np.int64(8740)]",10000,10,7,0.05,plus_plus,projected_gradients,0.39866053159517606
2.206321954727173,1647.0634765625,0.9835294,3,0.9473829,0.16898539537027307,True,40,,,"[np.int64(892), np.int64(4445), np.int64(1999), np.int64(4460), np.int64(2163), np.int64(4321), np.int64(8829)]",10000,10,7,0.05,plus_plus,projected_gradients,0.34366888659881323
1.667922019958496,1441.66796875,0.98558336,4,0.74461716,0.14603491372674268,True,32,,,"[np.int64(892), np.int64(4324), np.int64(1968), np.int64(4349), np.int64(2123), np.int64(4187), np.int64(8781)]",10000,10,7,0.05,plus_plus,projected_gradients,0.22217574228889989
3.927001953125,1577.827880859375,0.9842217,0,0.7436357,0.15219737330277597,True,43,,,"[np.int64(892), np.int64(4392), np.int64(2033), np.int64(4459), np.int64(2251), np.int64(4316), np.int64(8718)]",10000,10,7,0.05,plus_plus,frank_wolfe,0.5940611172702143
3.8981101512908936,1809.0120849609375,0.9819099,1,0.76115197,0.1665381050939266,True,41,,,"[np.int64(892), np.int64(4401), np.int64(2075), np.int64(4413), np.int64(2192), np.int64(4210), np.int64(8720)]",10000,10,7,0.05,plus_plus,frank_wolfe,0.5908541070807067
2.920847177505493,1945.9664306640625,0.98054034,2,0.83145005,0.17029837018533417,True,32,,,"[np.int64(892), np.int64(4378), np.int64(2043), np.int64(4421), np.int64(2247), np.int64(4262), np.int64(8740)]",10000,10,7,0.05,plus_plus,frank_wolfe,0.4655088347201003
3.623188018798828,1666.4429931640625,0.98333555,3,0.9549976,0.1703436300956777,True,41,,,"[np.int64(892), np.int64(4445), np.int64(1999), np.int64(4460), np.int64(2163), np.int64(4321), np.int64(8829)]",10000,10,7,0.05,plus_plus,frank_wolfe,0.5590908715471246
3.1545751094818115,1450.2027587890625,0.98549795,4,0.7485771,0.14681154302996022,True,38,,,"[np.int64(892), np.int64(4324), np.int64(1968), np.int64(4349), np.int64(2123), np.int64(4187), np.int64(8781)]",10000,10,7,0.05,plus_plus,frank_wolfe,0.4989408722857191
1.850006103515625,4384.12646484375,0.95615876,0,0.72414005,0.1482072621448116,True,39,,,"[np.int64(859), np.int64(8585), np.int64(4387), np.int64(6543), np.int64(891), np.int64(7735), np.int64(4329)]",10000,10,7,0.1,uniform,projected_gradients,0.2671731612239779
1.820626974105835,5032.31298828125,0.9496769,1,0.77573556,0.16972895678931993,True,36,,,"[np.int64(859), np.int64(8585), np.int64(4387), np.int64(6543), np.int64(891), np.int64(7735), np.int64(4329)]",10000,10,7,0.1,uniform,projected_gradients,0.26022097287750623
1.376680850982666,4999.34716796875,0.95000654,2,0.8528949,0.1746907257308835,True,32,,,"[np.int64(859), np.int64(8585), np.int64(4387), np.int64(6543), np.int64(891), np.int64(7735), np.int64(4329)]",10000,10,7,0.1,uniform,projected_gradients,0.13883327161356646
1.48042893409729,3890.1748046875,0.96109825,3,0.9594141,0.17113140900066082,True,31,,,"[np.int64(859), np.int64(8585), np.int64(4387), np.int64(6543), np.int64(891), np.int64(7735), np.int64(4329)]",10000,10,7,0.1,uniform,projected_gradients,0.1703875645316897
2.177992820739746,4108.134765625,0.9589187,4,0.7709109,0.15119166590255106,True,38,,,"[np.int64(859), np.int64(8585), np.int64(4387), np.int64(6543), np.int64(891), np.int64(7735), np.int64(4329)]",10000,10,7,0.1,uniform,projected_gradients,0.33805644386867667
3.268843173980713,4409.69482421875,0.95590305,0,0.73196954,0.14980969648525952,True,36,,,"[np.int64(859), np.int64(8585), np.int64(4387), np.int64(6543), np.int64(891), np.int64(7735), np.int64(4329)]",10000,10,7,0.1,uniform,frank_wolfe,0.5143940853682063
2.6100618839263916,5059.37255859375,0.94940627,1,0.774921,0.16955073378354385,True,35,,,"[np.int64(859), np.int64(8585), np.int64(4387), np.int64(6543), np.int64(891), np.int64(7735), np.int64(4329)]",10000,10,7,0.1,uniform,frank_wolfe,0.4166508044758817
4.324742794036865,5020.9267578125,0.9497907,2,0.85285103,0.17468174043777368,True,52,,,"[np.int64(859), np.int64(8585), np.int64(4387), np.int64(6543), np.int64(891), np.int64(7735), np.int64(4329)]",10000,10,7,0.1,uniform,frank_wolfe,0.6359602837194218
2.42580509185791,3944.99658203125,0.96055,3,0.970502,0.17310916495597048,True,35,,,"[np.int64(859), np.int64(8585), np.int64(4387), np.int64(6543), np.int64(891), np.int64(7735), np.int64(4329)]",10000,10,7,0.1,uniform,frank_wolfe,0.38485590331904607
2.8303191661834717,4132.36865234375,0.95867634,4,0.7777894,0.15254068188536052,True,37,,,"[np.int64(859), np.int64(8585), np.int64(4387), np.int64(6543), np.int64(891), np.int64(7735), np.int64(4329)]",10000,10,7,0.1,uniform,frank_wolfe,0.4518354123075313
0.9901986122131348,4385.81201171875,0.9561419,0,0.7160956,0.14656083792767913,True,24,,,"[np.int64(8478), np.int64(8973), np.int64(438), np.int64(868), np.int64(5700), np.int64(330), np.int64(5735)]",10000,10,7,0.1,furthest_sum,projected_gradients,-0.004277686678136
1.837352991104126,5034.18798828125,0.9496581,1,0.7772718,0.17006508438707146,True,39,,,"[np.int64(2328), np.int64(8391), np.int64(8816), np.int64(3610), np.int64(7107), np.int64(3965), np.int64(3138)]",10000,10,7,0.1,furthest_sum,projected_gradients,0.26419260070514916
1.2358028888702393,4995.111328125,0.9500489,2,0.8506614,0.17423325711211723,True,31,,,"[np.int64(9007), np.int64(6050), np.int64(2386), np.int64(7075), np.int64(4736), np.int64(8155), np.int64(6070)]",10000,10,7,0.1,furthest_sum,projected_gradients,0.0919492061067011
1.5451951026916504,3888.20068359375,0.961118,3,0.95724666,0.17074479696372538,True,34,,,"[np.int64(7989), np.int64(210), np.int64(7584), np.int64(1652), np.int64(9540), np.int64(9545), np.int64(5525)]",10000,10,7,0.1,furthest_sum,projected_gradients,0.18898332303131052
1.945600986480713,4103.9892578125,0.95896006,4,0.77041614,0.1510946296148498,True,37,,,"[np.int64(868), np.int64(5744), np.int64(9967), np.int64(2840), np.int64(6802), np.int64(1587), np.int64(4384)]",10000,10,7,0.1,furthest_sum,projected_gradients,0.28905377779361824
1.4910151958465576,4428.93212890625,0.9557107,0,0.7323246,0.14988236639524566,True,24,,,"[np.int64(8478), np.int64(8973), np.int64(438), np.int64(868), np.int64(5700), np.int64(330), np.int64(5735)]",10000,10,7,0.1,furthest_sum,frank_wolfe,0.17348206963587723
2.7252659797668457,5062.34326171875,0.9493766,1,0.77612,0.16981307345749316,True,34,,,"[np.int64(2328), np.int64(8391), np.int64(8816), np.int64(3610), np.int64(7107), np.int64(3965), np.int64(3138)]",10000,10,7,0.1,furthest_sum,frank_wolfe,0.4354088948357533
2.6076278686523438,5019.7041015625,0.94980294,2,0.8558218,0.17529021325555577,True,32,,,"[np.int64(9007), np.int64(6050), np.int64(2386), np.int64(7075), np.int64(4736), np.int64(8155), np.int64(6070)]",10000,10,7,0.1,furthest_sum,frank_wolfe,0.416245613853521
2.5982391834259033,3931.632568359375,0.96068364,3,0.96855414,0.17276172019282424,True,31,,,"[np.int64(7989), np.int64(210), np.int64(7584), np.int64(1652), np.int64(9540), np.int64(9545), np.int64(5525)]",10000,10,7,0.1,furthest_sum,frank_wolfe,0.4146791279766861
2.7269392013549805,4125.4931640625,0.95874506,4,0.77356035,0.15171127353877817,True,32,,,"[np.int64(868), np.int64(5744), np.int64(9967), np.int64(2840), np.int64(6802), np.int64(1587), np.int64(4384)]",10000,10,7,0.1,furthest_sum,frank_wolfe,0.4356754552095475
2.13126802444458,4390.08837890625,0.95609915,0,0.71977955,0.14731481416682682,True,38,,,"[np.int64(892), np.int64(4398), np.int64(2029), np.int64(4463), np.int64(2235), np.int64(4307), np.int64(8746)]",10000,10,7,0.1,plus_plus,projected_gradients,0.32863806924389
1.7712807655334473,5032.048828125,0.94967955,1,0.7774266,0.17009895275718712,True,35,,,"[np.int64(892), np.int64(4398), np.int64(2084), np.int64(4478), np.int64(2242), np.int64(4252), np.int64(8735)]",10000,10,7,0.1,plus_plus,projected_gradients,0.24828740662058188
2.3222029209136963,5000.80810546875,0.94999194,2,0.8505038,0.17420097842328244,True,45,,,"[np.int64(892), np.int64(4384), np.int64(2048), np.int64(4439), np.int64(2199), np.int64(4222), np.int64(8747)]",10000,10,7,0.1,plus_plus,projected_gradients,0.3659001669884947
1.4253959655761719,3891.874267578125,0.96108127,3,0.9592594,0.17110380904334357,True,30,,,"[np.int64(892), np.int64(4447), np.int64(1993), np.int64(4439), np.int64(2132), np.int64(4280), np.int64(8798)]",10000,10,7,0.1,plus_plus,projected_gradients,0.15393552524072593
2.5904459953308105,4102.9677734375,0.9589703,4,0.770064,0.1510255668046174,True,43,,,"[np.int64(892), np.int64(4322), np.int64(1940), np.int64(4314), np.int64(2097), np.int64(4123), np.int64(8721)]",10000,10,7,0.1,plus_plus,projected_gradients,0.41337454270524626
3.3638551235198975,4430.6708984375,0.9556933,0,0.74217445,0.15189830069689716,True,39,,,"[np.int64(892), np.int64(4398), np.int64(2029), np.int64(4463), np.int64(2235), np.int64(4307), np.int64(8746)]",10000,10,7,0.1,plus_plus,frank_wolfe,0.5268372830798687
2.165635824203491,5063.115234375,0.94936883,1,0.7782511,0.17027935366739497,True,33,,,"[np.int64(892), np.int64(4398), np.int64(2084), np.int64(4478), np.int64(2242), np.int64(4252), np.int64(8735)]",10000,10,7,0.1,plus_plus,frank_wolfe,0.3355854269724661
3.417106866836548,5020.95361328125,0.9497905,2,0.8541985,0.17495773299393427,True,49,,,"[np.int64(892), np.int64(4384), np.int64(2048), np.int64(4439), np.int64(2199), np.int64(4222), np.int64(8747)]",10000,10,7,0.1,plus_plus,frank_wolfe,0.5336585611668233
2.7688090801239014,3918.63623046875,0.96081364,3,0.96796596,0.17265680633349964,True,39,,,"[np.int64(892), np.int64(4447), np.int64(1993), np.int64(4439), np.int64(2132), np.int64(4280), np.int64(8798)]",10000,10,7,0.1,plus_plus,frank_wolfe,0.4422930105280675
3.8589320182800293,4126.001953125,0.95874,4,0.7740937,0.15181587306923847,True,45,,,"[np.int64(892), np.int64(4322), np.int64(1940), np.int64(4314), np.int64(2097), np.int64(4123), np.int64(8721)]",10000,10,7,0.1,plus_plus,frank_wolfe,0.5864671277950528
8.886664867401123,0.9214515089988708,0.9999954,0,0.07762866,0.009790186280507004,True,184,,,"[np.int64(6545), np.int64(892), np.int64(7738)]",10000,20,3,0.0,uniform,projected_gradients,0.9487388024274379
8.580705881118774,0.6732439398765564,0.99999666,1,0.06313921,0.00895131884855032,True,191,,,"[np.int64(6545), np.int64(892), np.int64(7738)]",10000,20,3,0.0,uniform,projected_gradients,0.9335230160147914
8.796957015991211,0.9175817370414734,0.9999954,2,0.07241497,0.009657199716573979,True,184,,,"[np.int64(6545), np.int64(892), np.int64(7738)]",10000,20,3,0.0,uniform,projected_gradients,0.9443324699105986
12.129916906356812,0.2566605508327484,0.99999875,3,0.05334699,0.006335790278820559,True,217,,,"[np.int64(6545), np.int64(892), np.int64(7738)]",10000,20,3,0.0,uniform,projected_gradients,1.0838578258266454
5.295775890350342,2.320456027984619,0.9999884,4,0.113205194,0.013801435652128114,True,109,,,"[np.int64(6545), np.int64(892), np.int64(7738)]",10000,20,3,0.0,uniform,projected_gradients,0.7239295981001512
31.82168197631836,0.9568742513656616,0.99999523,0,0.07908631,0.009974019211709711,True,193,,,"[np.int64(6545), np.int64(892), np.int64(7738)]",10000,20,3,0.0,uniform,frank_wolfe,1.5027231311159797
41.15232992172241,0.7375176548957825,0.9999963,1,0.06509296,0.009228304376969103,True,219,,,"[np.int64(6545), np.int64(892), np.int64(7738)]",10000,20,3,0.0,uniform,frank_wolfe,1.614394428697795
31.340291023254395,0.9999748468399048,0.999995,2,0.07570707,0.010096231221215888,True,197,,,"[np.int64(6545), np.int64(892), np.int64(7738)]",10000,20,3,0.0,uniform,frank_wolfe,1.4961030249726053
40.2520010471344,0.2752024531364441,0.99999857,3,0.05268163,0.006256768016715629,True,212,,,"[np.int64(6545), np.int64(892), np.int64(7738)]",10000,20,3,0.0,uniform,frank_wolfe,1.6047874753157323
19.883507251739502,2.6846697330474854,0.9999866,4,0.11269843,0.013739653149030157,True,118,,,"[np.int64(6545), np.int64(892), np.int64(7738)]",10000,20,3,0.0,uniform,frank_wolfe,1.2984929920196622
2.1526739597320557,0.9228355288505554,0.9999954,0,0.077621914,0.009789335911197914,True,58,,,"[np.int64(5831), np.int64(4069), np.int64(4988)]",10000,20,3,0.0,furthest_sum,projected_gradients,0.3329782573145414
0.466754674911499,1.3034615516662598,0.9999935,1,0.06614103,0.009376890928682383,True,10,,,"[np.int64(3954), np.int64(2227), np.int64(1427)]",10000,20,3,0.0,furthest_sum,projected_gradients,-0.3309113235597091
0.49657440185546875,1.0451613664627075,0.99999475,2,0.0678682,0.00905084643355487,True,10,,,"[np.int64(3321), np.int64(7821), np.int64(474)]",10000,20,3,0.0,furthest_sum,projected_gradients,-0.3040156718524434
2.2080841064453125,0.258340060710907,0.9999987,3,0.052172076,0.006196250662663232,True,53,,,"[np.int64(2319), np.int64(361), np.int64(6393)]",10000,20,3,0.0,furthest_sum,projected_gradients,0.34401561175164613
5.802751064300537,2.2954280376434326,0.9999885,4,0.11135739,0.01357616027937839,True,150,,,"[np.int64(1958), np.int64(5638), np.int64(3940)]",10000,20,3,0.0,furthest_sum,projected_gradients,0.7636339399046027
52.982604026794434,2.097485303878784,0.9999895,0,0.07766002,0.009794141202520224,True,352,,,"[np.int64(5831), np.int64(4069), np.int64(4988)]",10000,20,3,0.0,furthest_sum,frank_wolfe,1.724133299500578
52.815540075302124,1.9087194204330444,0.99999046,1,0.06308542,0.00894369358149396,True,312,,,"[np.int64(3954), np.int64(2227), np.int64(1427)]",10000,20,3,0.0,furthest_sum,frank_wolfe,1.7227617251090008
23.61830186843872,2.7803778648376465,0.9999861,2,0.067288555,0.00897354510138563,True,164,,,"[np.int64(3321), np.int64(7821), np.int64(474)]",10000,20,3,0.0,furthest_sum,frank_wolfe,1.373248669074349
65.98983097076416,0.9525558948516846,0.99999523,3,0.050526876,0.006000857415962934,True,402,,,"[np.int64(2319), np.int64(361), np.int64(6393)]",10000,20,3,0.0,furthest_sum,frank_wolfe,1.819477015942689
44.925182819366455,4.19760799407959,0.99997896,4,0.11030158,0.013447440448578615,True,355,,,"[np.int64(1958), np.int64(5638), np.int64(3940)]",10000,20,3,0.0,furthest_sum,frank_wolfe,1.6524898531105714
7.786189079284668,0.9328082799911499,0.9999953,0,0.07802734,0.009840466127721865,True,186,,,"[np.int64(892), np.int64(4286), np.int64(1934)]",10000,20,3,0.0,plus_plus,projected_gradients,0.8913249458877833
6.538623094558716,20.99581527709961,0.999895,1,0.09346431,0.013250543493752815,True,168,,,"[np.int64(892), np.int64(4388), np.int64(2022)]",10000,20,3,0.0,plus_plus,projected_gradients,0.815486304074649
7.995904922485352,0.9280953407287598,0.9999954,2,0.07236075,0.009649968272782573,True,181,,,"[np.int64(892), np.int64(4370), np.int64(1995)]",10000,20,3,0.0,plus_plus,projected_gradients,0.9028676213783632
8.42504096031189,0.37739863991737366,0.99999815,3,0.05575316,0.006621560478845396,True,202,,,"[np.int64(892), np.int64(4410), np.int64(2006)]",10000,20,3,0.0,plus_plus,projected_gradients,0.9255720209729534
3.6449029445648193,52.35234832763672,0.9997382,4,0.17918693,0.021845612567755815,True,81,,,"[np.int64(892), np.int64(4374), np.int64(1979)]",10000,20,3,0.0,plus_plus,projected_gradients,0.5616859685384598
25.330501794815063,0.9296650290489197,0.9999954,0,0.07812353,0.009852597749986695,True,149,,,"[np.int64(892), np.int64(4286), np.int64(1934)]",10000,20,3,0.0,plus_plus,frank_wolfe,1.4036437932078658
30.45486330986023,0.7088245749473572,0.9999965,1,0.06522628,0.009247205406018349,True,210,,,"[np.int64(892), np.int64(4388), np.int64(2022)]",10000,20,3,0.0,plus_plus,frank_wolfe,1.4836566546039265
27.096773862838745,1.056483507156372,0.9999947,2,0.075522475,0.010071613709347805,True,184,,,"[np.int64(892), np.int64(4370), np.int64(1995)]",10000,20,3,0.0,plus_plus,frank_wolfe,1.4329175869271487
29.43492889404297,0.28827881813049316,0.99999857,3,0.051747467,0.006145821746468907,True,198,,,"[np.int64(892), np.int64(4410), np.int64(2006)]",10000,20,3,0.0,plus_plus,frank_wolfe,1.4688629910242854
12.942304134368896,2.3061680793762207,0.99998844,4,0.11188965,0.013641051119003997,True,90,,,"[np.int64(892), np.int64(4374), np.int64(1979)]",10000,20,3,0.0,plus_plus,frank_wolfe,1.1120116011983059
1.7934300899505615,1710.16748046875,0.9914491,0,0.21812306,0.027508725509717596,True,41,,,"[np.int64(6545), np.int64(892), np.int64(7738)]",10000,20,3,0.05,uniform,projected_gradients,0.2536844520237179
1.6329426765441895,2181.958251953125,0.9890902,1,0.16829765,0.02385975320820984,True,36,,,"[np.int64(6545), np.int64(892), np.int64(7738)]",10000,20,3,0.05,uniform,projected_gradients,0.21297093936158948
1.760495901107788,1919.3399658203125,0.9904033,2,0.18645616,0.024865636436163033,True,41,,,"[np.int64(6545), np.int64(892), np.int64(7738)]",10000,20,3,0.05,uniform,projected_gradients,0.24563501825690348
1.5202491283416748,1531.8245849609375,0.99234086,3,0.17681067,0.02099903429112084,True,38,,,"[np.int64(6545), np.int64(892), np.int64(7738)]",10000,20,3,0.05,uniform,projected_gradients,0.1819147630753292
1.8245429992675781,1612.209228515625,0.991939,4,0.21475911,0.02618240329472024,True,41,,,"[np.int64(6545), np.int64(892), np.int64(7738)]",10000,20,3,0.05,uniform,projected_gradients,0.26115410290186347
4.096240758895874,1728.80078125,0.991356,0,0.25071016,0.031618467356728415,True,40,,,"[np.int64(6545), np.int64(892), np.int64(7738)]",10000,20,3,0.05,uniform,frank_wolfe,0.6123854746247793
3.733393907546997,2200.74609375,0.98899627,1,0.20021303,0.02838443394173173,True,38,,,"[np.int64(6545), np.int64(892), np.int64(7738)]",10000,20,3,0.05,uniform,frank_wolfe,0.5721038144237307
3.789616107940674,1936.53955078125,0.9903173,2,0.2197972,0.02931196884148182,True,40,,,"[np.int64(6545), np.int64(892), np.int64(7738)]",10000,20,3,0.05,uniform,frank_wolfe,0.5785952177128498
3.634546995162964,1543.5740966796875,0.9922821,3,0.18692438,0.022200196389714013,True,39,,,"[np.int64(6545), np.int64(892), np.int64(7738)]",10000,20,3,0.05,uniform,frank_wolfe,0.5604502887133417
3.1957571506500244,1626.4010009765625,0.99186796,4,0.23246033,0.028340451767090106,True,35,,,"[np.int64(6545), np.int64(892), np.int64(7738)]",10000,20,3,0.05,uniform,frank_wolfe,0.5045737693466313
2.00828218460083,1711.6153564453125,0.99144197,0,0.21356563,0.026933962303155024,True,47,,,"[np.int64(5831), np.int64(4069), np.int64(4988)]",10000,20,3,0.05,furthest_sum,projected_gradients,0.30282473566658386
2.0167269706726074,2183.131103515625,0.98908436,1,0.16954215,0.024036187459143772,True,50,,,"[np.int64(3954), np.int64(6480), np.int64(1427)]",10000,20,3,0.05,furthest_sum,projected_gradients,0.3046471063652619
1.174494981765747,2585.553466796875,0.9870723,2,0.33077145,0.04411140173749796,True,28,,,"[np.int64(4393), np.int64(7131), np.int64(3441)]",10000,20,3,0.05,furthest_sum,projected_gradients,0.06985116551881762
1.618237018585205,1961.87451171875,0.9901906,3,0.3401308,0.04039585723239527,True,40,,,"[np.int64(520), np.int64(4279), np.int64(59)]",10000,20,3,0.05,furthest_sum,projected_gradients,0.20904213181576714
1.666761875152588,1615.1639404296875,0.9919242,4,0.22309637,0.027198842056009892,True,37,,,"[np.int64(5921), np.int64(5638), np.int64(3940)]",10000,20,3,0.05,furthest_sum,projected_gradients,0.2218735580198115
1.8547382354736328,1733.7554931640625,0.9913313,0,0.2052782,0.025888787949687766,True,22,,,"[np.int64(5831), np.int64(4069), np.int64(4988)]",10000,20,3,0.05,furthest_sum,frank_wolfe,0.2682826250501601
2.061514139175415,2203.6904296875,0.98898154,1,0.15709828,0.02227200550397991,True,23,,,"[np.int64(3954), np.int64(6480), np.int64(1427)]",10000,20,3,0.05,furthest_sum,frank_wolfe,0.3141863178154289
1.9373250007629395,1937.635498046875,0.9903118,2,0.17340522,0.023125173577794318,True,23,,,"[np.int64(4393), np.int64(7131), np.int64(3441)]",10000,20,3,0.05,furthest_sum,frank_wolfe,0.28720248297938183
1.7685301303863525,1547.175537109375,0.99226415,3,0.15955062,0.01894913380030773,True,22,,,"[np.int64(520), np.int64(4279), np.int64(59)]",10000,20,3,0.05,furthest_sum,frank_wolfe,0.2476124632737908
1.6597399711608887,1630.5247802734375,0.99184734,4,0.208431,0.025410910898536483,True,22,,,"[np.int64(5921), np.int64(5638), np.int64(3940)]",10000,20,3,0.05,furthest_sum,frank_wolfe,0.22004005313902444
1.7055590152740479,1710.4312744140625,0.9914478,0,0.21906109,0.027627025505313763,True,38,,,"[np.int64(892), np.int64(4287), np.int64(1955)]",10000,20,3,0.05,plus_plus,projected_gradients,0.23186675133910098
1.6935210227966309,2182.85107421875,0.9890858,1,0.16476451,0.02335885586913289,True,39,,,"[np.int64(892), np.int64(4388), np.int64(2025)]",10000,20,3,0.05,plus_plus,projected_gradients,0.22879059219877831
1.9026870727539062,1919.897216796875,0.99040055,2,0.1848797,0.02465540193095056,True,45,,,"[np.int64(892), np.int64(4368), np.int64(2024)]",10000,20,3,0.05,plus_plus,projected_gradients,0.2793673675033754
1.7860081195831299,1532.3555908203125,0.9923382,3,0.18341722,0.021783665399248007,True,39,,,"[np.int64(892), np.int64(4408), np.int64(2030)]",10000,20,3,0.05,plus_plus,projected_gradients,0.2518834289546178
1.5427882671356201,1612.9744873046875,0.99193513,4,0.21505165,0.02621806832260501,True,37,,,"[np.int64(892), np.int64(4375), np.int64(2038)]",10000,20,3,0.05,plus_plus,projected_gradients,0.18830632740839842
3.5000901222229004,1724.320068359375,0.9913784,0,0.23599489,0.02976264204852978,True,38,,,"[np.int64(892), np.int64(4287), np.int64(1955)]",10000,20,3,0.05,plus_plus,frank_wolfe,0.5440792269446197
3.6182801723480225,2195.380859375,0.98902315,1,0.17208262,0.024396352725774804,True,37,,,"[np.int64(892), np.int64(4388), np.int64(2025)]",10000,20,3,0.05,plus_plus,frank_wolfe,0.5585021923175262
3.844529867172241,1931.5767822265625,0.9903421,2,0.19544615,0.026064533905497077,True,44,,,"[np.int64(892), np.int64(4368), np.int64(2024)]",10000,20,3,0.05,plus_plus,frank_wolfe,0.5848432391761222
3.4600250720977783,1540.5115966796875,0.9922974,3,0.20245905,0.02404518151473282,True,38,,,"[np.int64(892), np.int64(4408), np.int64(2030)]",10000,20,3,0.05,plus_plus,frank_wolfe,0.5390792457968991
3.8831710815429688,1621.5697021484375,0.99189216,4,0.22855926,0.027864850844863728,True,37,,,"[np.int64(892), np.int64(4375), np.int64(2038)]",10000,20,3,0.05,plus_plus,frank_wolfe,0.5891865247549901
1.4365906715393066,6604.458984375,0.9669777,0,0.21967399,0.027704321726423627,True,32,,,"[np.int64(6545), np.int64(892), np.int64(7738)]",10000,20,3,0.1,uniform,projected_gradients,0.1573330420275619
1.4017579555511475,8388.6005859375,0.95805705,1,0.17539136,0.0248654371000085,True,31,,,"[np.int64(6545), np.int64(892), np.int64(7738)]",10000,20,3,0.1,uniform,projected_gradients,0.146673029576781
1.353003978729248,7407.2373046875,0.9629638,2,0.21184085,0.028250917912812402,True,30,,,"[np.int64(6545), np.int64(892), np.int64(7738)]",10000,20,3,0.1,uniform,projected_gradients,0.13129907371337815
1.393765926361084,5958.57568359375,0.9702071,3,0.19196357,0.022798678520091264,True,33,,,"[np.int64(6545), np.int64(892), np.int64(7738)]",10000,20,3,0.1,uniform,projected_gradients,0.14418984304064283
1.3666067123413086,6240.7265625,0.96879643,4,0.23546576,0.02870685942495005,True,33,,,"[np.int64(6545), np.int64(892), np.int64(7738)]",10000,20,3,0.1,uniform,projected_gradients,0.13564354950947816
2.384016275405884,6652.80224609375,0.966736,0,0.262626,0.03312123999975366,True,32,,,"[np.int64(6545), np.int64(892), np.int64(7738)]",10000,20,3,0.1,uniform,frank_wolfe,0.3773092159569734
2.5854310989379883,8424.947265625,0.95787525,1,0.20486723,0.029044265126618663,True,33,,,"[np.int64(6545), np.int64(892), np.int64(7738)]",10000,20,3,0.1,uniform,frank_wolfe,0.412532968428046
2.170822858810425,7431.91650390625,0.9628404,2,0.22269905,0.029698957399860147,True,33,,,"[np.int64(6545), np.int64(892), np.int64(7738)]",10000,20,3,0.1,uniform,frank_wolfe,0.3366243860615578
2.483853816986084,5985.89892578125,0.9700705,3,0.2297817,0.027290173874886726,True,33,,,"[np.int64(6545), np.int64(892), np.int64(7738)]",10000,20,3,0.1,uniform,frank_wolfe,0.3951260325897078
2.43916392326355,6272.03515625,0.96863985,4,0.24439947,0.02979601436753267,True,31,,,"[np.int64(6545), np.int64(892), np.int64(7738)]",10000,20,3,0.1,uniform,frank_wolfe,0.3872409879220037
1.339698076248169,6605.37548828125,0.9669731,0,0.23144674,0.029189049626673427,True,32,,,"[np.int64(5831), np.int64(4069), np.int64(4988)]",10000,20,3,0.1,furthest_sum,projected_gradients,0.1270069337426005
1.608086109161377,8402.935546875,0.9579853,1,0.18472876,0.02618921050169584,True,38,,,"[np.int64(3960), np.int64(6480), np.int64(1427)]",10000,20,3,0.1,furthest_sum,projected_gradients,0.20630930046489307
1.3133881092071533,7405.0361328125,0.96297485,2,0.2054832,0.027403066401181998,True,29,,,"[np.int64(4393), np.int64(7131), np.int64(3441)]",10000,20,3,0.1,furthest_sum,projected_gradients,0.11839308007317166
1.3455867767333984,5957.4990234375,0.9702125,3,0.18977298,0.022538511679877353,True,29,,,"[np.int64(561), np.int64(4279), np.int64(59)]",10000,20,3,0.1,furthest_sum,projected_gradients,0.12891171060311216
1.2983040809631348,6244.37109375,0.96877813,4,0.23399179,0.02852715906007243,True,27,,,"[np.int64(5921), np.int64(9958), np.int64(3940)]",10000,20,3,0.1,furthest_sum,projected_gradients,0.11337642221620299
1.4710619449615479,6649.6923828125,0.9667516,0,0.21518563,0.027138268932563013,True,21,,,"[np.int64(5831), np.int64(4069), np.int64(4988)]",10000,20,3,0.1,furthest_sum,frank_wolfe,0.16763096082308296
1.9192519187927246,8447.2119140625,0.9577639,1,0.21301126,0.030198854565926563,True,22,,,"[np.int64(3960), np.int64(6480), np.int64(1427)]",10000,20,3,0.1,furthest_sum,frank_wolfe,0.28313198346967655
1.7843329906463623,7437.07275390625,0.9628146,2,0.21685694,0.02891985925242186,True,21,,,"[np.int64(4393), np.int64(7131), np.int64(3441)]",10000,20,3,0.1,furthest_sum,frank_wolfe,0.25147590525610536
1.616408109664917,5987.88232421875,0.97006065,3,0.1920739,0.02281178172049494,True,21,,,"[np.int64(561), np.int64(4279), np.int64(59)]",10000,20,3,0.1,furthest_sum,frank_wolfe,0.2085510206705662
1.3439829349517822,6280.537109375,0.96859735,4,0.22863702,0.027874332088778285,True,21,,,"[np.int64(5921), np.int64(9958), np.int64(3940)]",10000,20,3,0.1,furthest_sum,frank_wolfe,0.12839375435521275
1.399040937423706,6604.98828125,0.9669751,0,0.22965409,0.02896296790514514,True,31,,,"[np.int64(892), np.int64(4290), np.int64(1938)]",10000,20,3,0.1,plus_plus,projected_gradients,0.14583042259554574
1.3828697204589844,8381.4775390625,0.9580926,1,0.15621197,0.022146352848696566,True,32,,,"[np.int64(892), np.int64(4389), np.int64(2013)]",10000,20,3,0.1,plus_plus,projected_gradients,0.140781267346579
1.4594569206237793,7414.84130859375,0.9629258,2,0.20797496,0.02773536505448109,True,33,,,"[np.int64(892), np.int64(4368), np.int64(2026)]",10000,20,3,0.1,plus_plus,projected_gradients,0.16419128026853724
1.472588062286377,5958.8642578125,0.9702057,3,0.19935052,0.023675994772943097,True,31,,,"[np.int64(892), np.int64(4406), np.int64(2022)]",10000,20,3,0.1,plus_plus,projected_gradients,0.16808127549409363
1.667436122894287,6255.63916015625,0.9687218,4,0.24104232,0.029386725835681686,True,34,,,"[np.int64(892), np.int64(4378), np.int64(1974)]",10000,20,3,0.1,plus_plus,projected_gradients,0.22204920570349362
1.6884942054748535,6655.64013671875,0.9667218,0,0.26389235,0.03328094781271227,True,28,,,"[np.int64(892), np.int64(4290), np.int64(1938)]",10000,20,3,0.1,plus_plus,frank_wolfe,0.22749957457485678
1.8778650760650635,8445.2734375,0.9577737,1,0.22038984,0.03124492417051548,True,28,,,"[np.int64(892), np.int64(4389), np.int64(2013)]",10000,20,3,0.1,plus_plus,frank_wolfe,0.2736643851476396
2.189056158065796,7444.8291015625,0.9627759,2,0.24319501,0.032432282189300485,True,30,,,"[np.int64(892), np.int64(4368), np.int64(2026)]",10000,20,3,0.1,plus_plus,frank_wolfe,0.3402569031052763
2.566351890563965,5981.9599609375,0.9700902,3,0.20896669,0.024818065047997807,True,31,,,"[np.int64(892), np.int64(4406), np.int64(2022)]",10000,20,3,0.1,plus_plus,frank_wolfe,0.40931620529389373
2.7647838592529297,6271.37451171875,0.9686431,4,0.24226393,0.029535658937302565,True,34,,,"[np.int64(892), np.int64(4378), np.int64(1974)]",10000,20,3,0.1,plus_plus,frank_wolfe,0.44166118540461236
1.9649021625518799,1475.7894287109375,0.992621,0,1.088961,0.15999183970937825,True,35,,,"[np.int64(859), np.int64(8585), np.int64(4387), np.int64(6543), np.int64(891), np.int64(7735), np.int64(4329)]",10000,20,7,0.0,uniform,projected_gradients,0.293340930629169
2.2513020038604736,1297.7781982421875,0.9935111,1,1.101375,0.1591998577438617,True,40,,,"[np.int64(859), np.int64(8585), np.int64(4387), np.int64(6543), np.int64(891), np.int64(7735), np.int64(4329)]",10000,20,7,0.0,uniform,projected_gradients,0.3524337579114493
2.383909225463867,1317.47998046875,0.99341255,2,1.1116121,0.1573656387346293,True,40,,,"[np.int64(859), np.int64(8585), np.int64(4387), np.int64(6543), np.int64(891), np.int64(7735), np.int64(4329)]",10000,20,7,0.0,uniform,projected_gradients,0.3772897143103537
1.5778930187225342,1385.63916015625,0.9930718,3,1.1100034,0.15573515708522667,True,31,,,"[np.int64(859), np.int64(8585), np.int64(4387), np.int64(6543), np.int64(891), np.int64(7735), np.int64(4329)]",10000,20,7,0.0,uniform,projected_gradients,0.1980775546696769
2.2863962650299072,1571.956298828125,0.99214023,4,1.2011713,0.16200601635386783,True,41,,,"[np.int64(859), np.int64(8585), np.int64(4387), np.int64(6543), np.int64(891), np.int64(7735), np.int64(4329)]",10000,20,7,0.0,uniform,projected_gradients,0.35915150200050494
5.136363983154297,1502.7774658203125,0.9924861,0,1.0936571,0.16068180252257644,True,41,,,"[np.int64(859), np.int64(8585), np.int64(4387), np.int64(6543), np.int64(891), np.int64(7735), np.int64(4329)]",10000,20,7,0.0,uniform,frank_wolfe,0.7106557919833713
7.712574243545532,1328.0950927734375,0.9933595,1,1.1043373,0.15962805507910824,True,55,,,"[np.int64(859), np.int64(8585), np.int64(4387), np.int64(6543), np.int64(891), np.int64(7735), np.int64(4329)]",10000,20,7,0.0,uniform,frank_wolfe,0.8871993577099462
5.636852025985718,1344.7657470703125,0.9932762,2,1.1134177,0.15762125787837716,True,41,,,"[np.int64(859), np.int64(8585), np.int64(4387), np.int64(6543), np.int64(891), np.int64(7735), np.int64(4329)]",10000,20,7,0.0,uniform,frank_wolfe,0.7510366342274317
4.279130220413208,1404.411865234375,0.992978,3,1.1123389,0.15606283807500163,True,35,,,"[np.int64(859), np.int64(8585), np.int64(4387), np.int64(6543), np.int64(891), np.int64(7735), np.int64(4329)]",10000,20,7,0.0,uniform,frank_wolfe,0.6313555029238408
5.051558971405029,1600.4779052734375,0.9919976,4,1.203895,0.16237337011744662,True,37,,,"[np.int64(859), np.int64(8585), np.int64(4387), np.int64(6543), np.int64(891), np.int64(7735), np.int64(4329)]",10000,20,7,0.0,uniform,frank_wolfe,0.703425427266113
1.0887281894683838,1477.2490234375,0.99261373,0,1.0881962,0.15987946723109528,True,27,,,"[np.int64(147), np.int64(1066), np.int64(1385), np.int64(9941), np.int64(2962), np.int64(4507), np.int64(7876)]",10000,20,7,0.0,furthest_sum,projected_gradients,0.03691946786563368
2.369171142578125,1297.0252685546875,0.99351484,1,1.1033953,0.15949189349588416,True,42,,,"[np.int64(9069), np.int64(7416), np.int64(1325), np.int64(875), np.int64(1373), np.int64(3876), np.int64(7067)]",10000,20,7,0.0,furthest_sum,projected_gradients,0.3745964341261708
0.8381199836730957,1318.66748046875,0.99340665,2,1.1126496,0.15751250962708574,True,22,,,"[np.int64(6217), np.int64(7795), np.int64(9796), np.int64(4813), np.int64(2756), np.int64(9964), np.int64(8864)]",10000,20,7,0.0,furthest_sum,projected_gradients,-0.07669380414167236
0.9917528629302979,1388.4840087890625,0.9930576,3,1.1108798,0.15585812108261465,True,25,,,"[np.int64(9120), np.int64(7540), np.int64(2204), np.int64(5934), np.int64(6890), np.int64(6860), np.int64(4148)]",10000,20,7,0.0,furthest_sum,projected_gradients,-0.0035965371577838297
2.2358310222625732,1574.59716796875,0.99212706,4,1.2015816,0.16206135737514926,True,38,,,"[np.int64(1848), np.int64(6077), np.int64(535), np.int64(3245), np.int64(7475), np.int64(4530), np.int64(7193)]",10000,20,7,0.0,furthest_sum,projected_gradients,0.3494389777152733
4.883738994598389,1515.52685546875,0.99242234,0,1.0961627,0.16104992046966987,True,41,,,"[np.int64(147), np.int64(1066), np.int64(1385), np.int64(9941), np.int64(2962), np.int64(4507), np.int64(7876)]",10000,20,7,0.0,furthest_sum,frank_wolfe,0.6887524455605959
5.833485841751099,1327.2252197265625,0.9933639,1,1.102024,0.15929366483815072,True,38,,,"[np.int64(9069), np.int64(7416), np.int64(1325), np.int64(875), np.int64(1373), np.int64(3876), np.int64(7067)]",10000,20,7,0.0,furthest_sum,frank_wolfe,0.7659281481435142
5.224506139755249,1348.5733642578125,0.9932571,2,1.1119777,0.157417397096937,True,37,,,"[np.int64(6217), np.int64(7795), np.int64(9796), np.int64(4813), np.int64(2756), np.int64(9964), np.int64(8864)]",10000,20,7,0.0,furthest_sum,frank_wolfe,0.7180452438900795
5.231170177459717,1417.20947265625,0.99291396,3,1.1091704,0.15561829780207243,True,39,,,"[np.int64(9120), np.int64(7540), np.int64(2204), np.int64(5934), np.int64(6890), np.int64(6860), np.int64(4148)]",10000,20,7,0.0,furthest_sum,frank_wolfe,0.7185988484788858
5.745993375778198,1601.9827880859375,0.9919901,4,1.201643,0.16206963762673554,True,40,,,"[np.int64(1848), np.int64(6077), np.int64(535), np.int64(3245), np.int64(7475), np.int64(4530), np.int64(7193)]",10000,20,7,0.0,furthest_sum,frank_wolfe,0.7593651209833506
2.044259786605835,1477.9056396484375,0.99261045,0,1.0890077,0.15999870535954766,True,36,,,"[np.int64(892), np.int64(4415), np.int64(2044), np.int64(4452), np.int64(2231), np.int64(4300), np.int64(8754)]",10000,20,7,0.0,plus_plus,projected_gradients,0.31053608555279044
2.176321029663086,1298.28759765625,0.9935086,1,1.104077,0.1595904219611936,True,38,,,"[np.int64(892), np.int64(4404), np.int64(2043), np.int64(4461), np.int64(2220), np.int64(4276), np.int64(8740)]",10000,20,7,0.0,plus_plus,projected_gradients,0.33772295863995483
1.792194128036499,1320.0303955078125,0.99339986,2,1.112116,0.15743697313224086,True,32,,,"[np.int64(892), np.int64(4413), np.int64(2036), np.int64(4451), np.int64(2209), np.int64(4282), np.int64(8733)]",10000,20,7,0.0,plus_plus,projected_gradients,0.2533850500631407
1.749939203262329,1385.34130859375,0.9930733,3,1.1100937,0.15574783482053953,True,32,,,"[np.int64(892), np.int64(4359), np.int64(1982), np.int64(4467), np.int64(2144), np.int64(4304), np.int64(8789)]",10000,20,7,0.0,plus_plus,projected_gradients,0.2430229606026693
1.8627550601959229,1573.3701171875,0.99213314,4,1.2017409,0.16208283779479832,True,33,,,"[np.int64(892), np.int64(4414), np.int64(2020), np.int64(4419), np.int64(2149), np.int64(4204), np.int64(8731)]",10000,20,7,0.0,plus_plus,projected_gradients,0.2701557518372687
4.945698022842407,1506.193115234375,0.9924691,0,1.096861,0.16115251990510968,True,34,,,"[np.int64(892), np.int64(4415), np.int64(2044), np.int64(4452), np.int64(2231), np.int64(4300), np.int64(8754)]",10000,20,7,0.0,plus_plus,frank_wolfe,0.6942275954427987
5.52752423286438,1321.310791015625,0.9933934,1,1.1055725,0.15980658838254846,True,43,,,"[np.int64(892), np.int64(4404), np.int64(2043), np.int64(4461), np.int64(2220), np.int64(4276), np.int64(8740)]",10000,20,7,0.0,plus_plus,frank_wolfe,0.7425306552175017
4.249689102172852,1329.8846435546875,0.99335057,2,1.1140784,0.1577147840746306,True,34,,,"[np.int64(892), np.int64(4413), np.int64(2036), np.int64(4451), np.int64(2209), np.int64(4282), np.int64(8733)]",10000,20,7,0.0,plus_plus,frank_wolfe,0.6283571591915887
5.411632061004639,1412.756591796875,0.99293625,3,1.1122305,0.1560476348277729,True,36,,,"[np.int64(892), np.int64(4359), np.int64(1982), np.int64(4467), np.int64(2144), np.int64(4304), np.int64(8789)]",10000,20,7,0.0,plus_plus,frank_wolfe,0.7333282610764605
4.614131927490234,1593.510009765625,0.9920324,4,1.2022371,0.1621497711683005,True,38,,,"[np.int64(892), np.int64(4414), np.int64(2020), np.int64(4419), np.int64(2149), np.int64(4204), np.int64(8731)]",10000,20,7,0.0,plus_plus,frank_wolfe,0.6640900077320873
1.5676069259643555,4727.46484375,0.97636265,0,1.1167676,0.1640772343340367,True,29,,,"[np.int64(859), np.int64(8585), np.int64(4387), np.int64(6543), np.int64(891), np.int64(7735), np.int64(4329)]",10000,20,7,0.05,uniform,projected_gradients,0.1952371736000537
1.7678821086883545,4637.44580078125,0.9768127,1,1.1366423,0.16429762886855717,True,34,,,"[np.int64(859), np.int64(8585), np.int64(4387), np.int64(6543), np.int64(891), np.int64(7735), np.int64(4329)]",10000,20,7,0.05,uniform,projected_gradients,0.24745330069221477
1.8287529945373535,4504.125,0.9774794,2,1.1447814,0.16206125456832474,True,31,,,"[np.int64(859), np.int64(8585), np.int64(4387), np.int64(6543), np.int64(891), np.int64(7735), np.int64(4329)]",10000,20,7,0.05,uniform,projected_gradients,0.26215505028031666
1.4695320129394531,4502.52734375,0.9774873,3,1.1589468,0.1626019905340291,True,29,,,"[np.int64(859), np.int64(8585), np.int64(4387), np.int64(6543), np.int64(891), np.int64(7735), np.int64(4329)]",10000,20,7,0.05,uniform,projected_gradients,0.16717905137597935
1.9966990947723389,4483.85595703125,0.9775807,4,1.2313926,0.16608207068569886,True,36,,,"[np.int64(859), np.int64(8585), np.int64(4387), np.int64(6543), np.int64(891), np.int64(7735), np.int64(4329)]",10000,20,7,0.05,uniform,projected_gradients,0.30031262104176343
3.160889148712158,4759.923828125,0.9762004,0,1.121506,0.1647733972496838,True,33,,,"[np.int64(859), np.int64(8585), np.int64(4387), np.int64(6543), np.int64(891), np.int64(7735), np.int64(4329)]",10000,20,7,0.05,uniform,frank_wolfe,0.4998092655495528
4.874028921127319,4675.37744140625,0.9766231,1,1.1467307,0.1657558604939057,True,42,,,"[np.int64(859), np.int64(8585), np.int64(4387), np.int64(6543), np.int64(891), np.int64(7735), np.int64(4329)]",10000,20,7,0.05,uniform,frank_wolfe,0.6878881018385989
3.4756908416748047,4550.0712890625,0.9772496,2,1.1481973,0.16254483326800753,True,32,,,"[np.int64(859), np.int64(8585), np.int64(4387), np.int64(6543), np.int64(891), np.int64(7735), np.int64(4329)]",10000,20,7,0.05,uniform,frank_wolfe,0.5410411395470907
3.485971212387085,4523.46142578125,0.97738266,3,1.1593187,0.1626541732967944,True,30,,,"[np.int64(859), np.int64(8585), np.int64(4387), np.int64(6543), np.int64(891), np.int64(7735), np.int64(4329)]",10000,20,7,0.05,uniform,frank_wolfe,0.5423237963273138
3.6381781101226807,4514.74169921875,0.97742635,4,1.2341369,0.16645220597068427,True,33,,,"[np.int64(859), np.int64(8585), np.int64(4387), np.int64(6543), np.int64(891), np.int64(7735), np.int64(4329)]",10000,20,7,0.05,uniform,frank_wolfe,0.5608839565059138
0.8338150978088379,4737.921875,0.9763104,0,1.1173145,0.164157572949667,True,23,,,"[np.int64(147), np.int64(4572), np.int64(1385), np.int64(9941), np.int64(2962), np.int64(4507), np.int64(7876)]",10000,20,7,0.05,furthest_sum,projected_gradients,-0.07893024541060384
2.1743719577789307,4636.29345703125,0.9768185,1,1.1338584,0.16389522676111198,True,37,,,"[np.int64(9069), np.int64(4356), np.int64(1325), np.int64(875), np.int64(1373), np.int64(3876), np.int64(7067)]",10000,20,7,0.05,furthest_sum,projected_gradients,0.33733383845924225
0.9025857448577881,4503.9169921875,0.9774804,2,1.1447183,0.16205232722119048,True,22,,,"[np.int64(4813), np.int64(9796), np.int64(7795), np.int64(6217), np.int64(2756), np.int64(9964), np.int64(8864)]",10000,20,7,0.05,furthest_sum,projected_gradients,-0.04451152986582851
0.846318244934082,4495.97705078125,0.9775201,3,1.1587678,0.16257688594207054,True,22,,,"[np.int64(9120), np.int64(7540), np.int64(6890), np.int64(5934), np.int64(2204), np.int64(6790), np.int64(4148)]",10000,20,7,0.05,furthest_sum,projected_gradients,-0.07246629650086094
0.7609801292419434,4484.330078125,0.97757834,4,1.2318943,0.16614972757632995,True,22,,,"[np.int64(1848), np.int64(9566), np.int64(535), np.int64(3245), np.int64(6077), np.int64(4530), np.int64(7193)]",10000,20,7,0.05,furthest_sum,projected_gradients,-0.1186266834045187
2.7408699989318848,4778.2939453125,0.9761085,0,1.1250222,0.1652900023961044,True,26,,,"[np.int64(147), np.int64(4572), np.int64(1385), np.int64(9941), np.int64(2962), np.int64(4507), np.int64(7876)]",10000,20,7,0.05,furthest_sum,frank_wolfe,0.43788843718654746
3.874454975128174,4675.9765625,0.9766201,1,1.1424061,0.1651307613095701,True,34,,,"[np.int64(9069), np.int64(4356), np.int64(1325), np.int64(875), np.int64(1373), np.int64(3876), np.int64(7067)]",10000,20,7,0.05,furthest_sum,frank_wolfe,0.5882106183411419
2.719489097595215,4545.015625,0.9772749,2,1.1440852,0.1619626993561053,True,26,,,"[np.int64(4813), np.int64(9796), np.int64(7795), np.int64(6217), np.int64(2756), np.int64(9964), np.int64(8864)]",10000,20,7,0.05,furthest_sum,frank_wolfe,0.43448732207241486
2.4361751079559326,4552.43994140625,0.9772378,3,1.1555356,0.16212339766334663,True,26,,,"[np.int64(9120), np.int64(7540), np.int64(6890), np.int64(5934), np.int64(2204), np.int64(6790), np.int64(4148)]",10000,20,7,0.05,furthest_sum,frank_wolfe,0.38670850140165075
2.47809100151062,4534.16455078125,0.97732913,4,1.2335337,0.1663708504890794,True,27,,,"[np.int64(1848), np.int64(9566), np.int64(535), np.int64(3245), np.int64(6077), np.int64(4530), np.int64(7193)]",10000,20,7,0.05,furthest_sum,frank_wolfe,0.39411725067936526
2.068049192428589,4723.02587890625,0.9763848,0,1.1184509,0.16432453785544499,True,35,,,"[np.int64(892), np.int64(4414), np.int64(2031), np.int64(4463), np.int64(2242), np.int64(4266), np.int64(8721)]",10000,20,7,0.05,plus_plus,projected_gradients,0.3155608650535268
2.0555999279022217,4641.001953125,0.976795,1,1.1380432,0.16450011365272146,True,34,,,"[np.int64(892), np.int64(4403), np.int64(2059), np.int64(4449), np.int64(2173), np.int64(4290), np.int64(8755)]",10000,20,7,0.05,plus_plus,projected_gradients,0.3129385937807614
2.5570690631866455,4504.4375,0.9774778,2,1.1448104,0.16206537228609555,True,39,,,"[np.int64(892), np.int64(4413), np.int64(2032), np.int64(4456), np.int64(2192), np.int64(4302), np.int64(8734)]",10000,20,7,0.05,plus_plus,projected_gradients,0.4077424579269269
1.6458520889282227,4503.9765625,0.97748005,3,1.1628989,0.1631564825641439,True,29,,,"[np.int64(892), np.int64(4359), np.int64(1983), np.int64(4431), np.int64(2204), np.int64(4294), np.int64(8741)]",10000,20,7,0.05,plus_plus,projected_gradients,0.21639080302166147
1.5430669784545898,4490.3037109375,0.97754854,4,1.2281622,0.16564636867067692,True,29,,,"[np.int64(892), np.int64(4413), np.int64(2019), np.int64(4504), np.int64(2173), np.int64(4278), np.int64(8763)]",10000,20,7,0.05,plus_plus,projected_gradients,0.18838477748370552
4.209656000137329,4764.49169921875,0.9761776,0,1.125684,0.16538724242095276,True,34,,,"[np.int64(892), np.int64(4414), np.int64(2031), np.int64(4463), np.int64(2242), np.int64(4266), np.int64(8721)]",10000,20,7,0.05,plus_plus,frank_wolfe,0.6242466081050023
4.591393232345581,4687.51416015625,0.97656244,1,1.1545718,0.1668892652393052,True,35,,,"[np.int64(892), np.int64(4403), np.int64(2059), np.int64(4449), np.int64(2173), np.int64(4290), np.int64(8755)]",10000,20,7,0.05,plus_plus,frank_wolfe,0.6619444897436659
5.094184160232544,4540.64892578125,0.9772967,2,1.145852,0.1622128169588971,True,40,,,"[np.int64(892), np.int64(4413), np.int64(2032), np.int64(4456), np.int64(2192), np.int64(4302), np.int64(8734)]",10000,20,7,0.05,plus_plus,frank_wolfe,0.7070746411236868
2.946848154067993,4522.02197265625,0.97738993,3,1.1630471,0.16317727204302765,True,29,,,"[np.int64(892), np.int64(4359), np.int64(1983), np.int64(4431), np.int64(2204), np.int64(4294), np.int64(8741)]",10000,20,7,0.05,plus_plus,frank_wolfe,0.4693577579912967
3.2087838649749756,4514.7568359375,0.97742623,4,1.2342645,0.16646940960019363,True,30,,,"[np.int64(892), np.int64(4413), np.int64(2019), np.int64(4504), np.int64(2173), np.int64(4278), np.int64(8763)]",10000,20,7,0.05,plus_plus,frank_wolfe,0.5063404651759242
1.6866321563720703,13360.7841796875,0.9331961,0,1.1529545,0.16939385721279998,True,31,,,"[np.int64(859), np.int64(8585), np.int64(4387), np.int64(6543), np.int64(891), np.int64(7735), np.int64(4329)]",10000,20,7,0.1,uniform,projected_gradients,0.22702037608228542
1.9639291763305664,13137.9130859375,0.9343105,1,1.208479,0.17468137117008348,True,34,,,"[np.int64(859), np.int64(8585), np.int64(4387), np.int64(6543), np.int64(891), np.int64(7735), np.int64(4329)]",10000,20,7,0.1,uniform,projected_gradients,0.2931258221049922
1.7618000507354736,12704.7548828125,0.93647623,2,1.1995544,0.1698152208968279,True,31,,,"[np.int64(859), np.int64(8585), np.int64(4387), np.int64(6543), np.int64(891), np.int64(7735), np.int64(4329)]",10000,20,7,0.1,uniform,projected_gradients,0.24595661815680137
1.501737117767334,12674.650390625,0.93662673,3,1.2211559,0.17133002591337193,True,30,,,"[np.int64(859), np.int64(8585), np.int64(4387), np.int64(6543), np.int64(891), np.int64(7735), np.int64(4329)]",10000,20,7,0.1,uniform,projected_gradients,0.1765939151613888
1.8112108707427979,12158.876953125,0.93920565,4,1.2909391,0.1741133037543598,True,32,,,"[np.int64(859), np.int64(8585), np.int64(4387), np.int64(6543), np.int64(891), np.int64(7735), np.int64(4329)]",10000,20,7,0.1,uniform,projected_gradients,0.2579690161167482
2.6812100410461426,13397.3720703125,0.93301314,0,1.1531112,0.16941688866681215,True,29,,,"[np.int64(859), np.int64(8585), np.int64(4387), np.int64(6543), np.int64(891), np.int64(7735), np.int64(4329)]",10000,20,7,0.1,uniform,frank_wolfe,0.42833083714372605
3.6362380981445312,13217.7119140625,0.9339114,1,1.2225053,0.17670882093517185,True,33,,,"[np.int64(859), np.int64(8585), np.int64(4387), np.int64(6543), np.int64(891), np.int64(7735), np.int64(4329)]",10000,20,7,0.1,uniform,frank_wolfe,0.560652312758075
3.259046792984009,12747.8984375,0.93626046,2,1.2010821,0.17003148545925803,True,32,,,"[np.int64(859), np.int64(8585), np.int64(4387), np.int64(6543), np.int64(891), np.int64(7735), np.int64(4329)]",10000,20,7,0.1,uniform,frank_wolfe,0.5130905960554653
2.638546943664551,12704.1181640625,0.9364794,3,1.2210082,0.17130930333546607,True,28,,,"[np.int64(859), np.int64(8585), np.int64(4387), np.int64(6543), np.int64(891), np.int64(7735), np.int64(4329)]",10000,20,7,0.1,uniform,frank_wolfe,0.4213648253250102
3.2012429237365723,12196.2373046875,0.93901885,4,1.3055497,0.17608389108478287,True,32,,,"[np.int64(859), np.int64(8585), np.int64(4387), np.int64(6543), np.int64(891), np.int64(7735), np.int64(4329)]",10000,20,7,0.1,uniform,frank_wolfe,0.5053186314809982
0.7936487197875977,13371.2158203125,0.9331439,0,1.1528021,0.1693714737920946,True,22,,,"[np.int64(147), np.int64(1385), np.int64(4572), np.int64(9941), np.int64(2962), np.int64(4507), np.int64(7876)]",10000,20,7,0.1,furthest_sum,projected_gradients,-0.10037167995989683
1.0212559700012207,13127.0068359375,0.934365,1,1.206113,0.17433936470288133,True,23,,,"[np.int64(7067), np.int64(3876), np.int64(3100), np.int64(875), np.int64(4356), np.int64(9069), np.int64(1373)]",10000,20,7,0.1,furthest_sum,projected_gradients,0.009134608322365512
0.9636831283569336,12693.1064453125,0.93653446,2,1.1995043,0.16980811614608401,True,22,,,"[np.int64(8864), np.int64(9796), np.int64(7795), np.int64(5105), np.int64(2756), np.int64(9964), np.int64(4813)]",10000,20,7,0.1,furthest_sum,projected_gradients,-0.016065744342483996
2.0236029624938965,12672.4375,0.9366378,3,1.2233356,0.17163584700861667,True,35,,,"[np.int64(7540), np.int64(6006), np.int64(8371), np.int64(5934), np.int64(2204), np.int64(6790), np.int64(4148)]",10000,20,7,0.1,furthest_sum,projected_gradients,0.3061253065310594
0.7622928619384766,12162.7265625,0.9391864,4,1.2933654,0.17444054251268082,True,21,,,"[np.int64(7193), np.int64(535), np.int64(9566), np.int64(3245), np.int64(6077), np.int64(4530), np.int64(1848)]",10000,20,7,0.1,furthest_sum,projected_gradients,-0.11787814691663392
1.9410672187805176,13411.2861328125,0.9329436,0,1.1557509,0.16980471032931527,True,23,,,"[np.int64(147), np.int64(1385), np.int64(4572), np.int64(9941), np.int64(2962), np.int64(4507), np.int64(7876)]",10000,20,7,0.1,furthest_sum,frank_wolfe,0.28804057518227505
2.147817850112915,13202.9375,0.9339853,1,1.2128303,0.17531033016138467,True,23,,,"[np.int64(7067), np.int64(3876), np.int64(3100), np.int64(875), np.int64(4356), np.int64(9069), np.int64(1373)]",10000,20,7,0.1,furthest_sum,frank_wolfe,0.3319974473975626
2.2231662273406982,12751.953125,0.93624026,2,1.2128159,0.1716925795583604,True,22,,,"[np.int64(8864), np.int64(9796), np.int64(7795), np.int64(5105), np.int64(2756), np.int64(9964), np.int64(4813)]",10000,20,7,0.1,furthest_sum,frank_wolfe,0.3469719363462404
2.9550211429595947,12734.142578125,0.9363293,3,1.2277192,0.17225086769849035,True,28,,,"[np.int64(7540), np.int64(6006), np.int64(8371), np.int64(5934), np.int64(2204), np.int64(6790), np.int64(4148)]",10000,20,7,0.1,furthest_sum,frank_wolfe,0.4705605925735631
2.1840999126434326,12219.4931640625,0.9389025,4,1.2937189,0.17448823033055436,True,24,,,"[np.int64(7193), np.int64(535), np.int64(9566), np.int64(3245), np.int64(6077), np.int64(4530), np.int64(1848)]",10000,20,7,0.1,furthest_sum,frank_wolfe,0.3392725014856382
2.3553168773651123,13348.9453125,0.9332553,0,1.154348,0.16959860070892344,True,37,,,"[np.int64(892), np.int64(4413), np.int64(2053), np.int64(4493), np.int64(2206), np.int64(4242), np.int64(8709)]",10000,20,7,0.1,plus_plus,projected_gradients,0.37204934409053186
1.7284297943115234,13125.1171875,0.9343744,1,1.205896,0.1743080037712858,True,30,,,"[np.int64(892), np.int64(4399), np.int64(2060), np.int64(4437), np.int64(2214), np.int64(4255), np.int64(8763)]",10000,20,7,0.1,plus_plus,projected_gradients,0.2376517439812209
1.8064382076263428,12684.244140625,0.93657875,2,1.1978682,0.16957651139736837,True,31,,,"[np.int64(892), np.int64(4411), np.int64(2052), np.int64(4484), np.int64(2196), np.int64(4302), np.int64(8736)]",10000,20,7,0.1,plus_plus,projected_gradients,0.25682311035691374
1.3984260559082031,12683.4833984375,0.93658257,3,1.2222356,0.17148150645259158,True,27,,,"[np.int64(892), np.int64(4361), np.int64(2000), np.int64(4448), np.int64(2200), np.int64(4271), np.int64(8785)]",10000,20,7,0.1,plus_plus,projected_gradients,0.14563950727526195
1.4869959354400635,12151.35546875,0.9392432,4,1.2931584,0.1744126308296638,True,27,,,"[np.int64(892), np.int64(4411), np.int64(2006), np.int64(4446), np.int64(2171), np.int64(4221), np.int64(8755)]",10000,20,7,0.1,plus_plus,projected_gradients,0.17230978142150746
3.695194959640503,13412.1884765625,0.93293905,0,1.1548176,0.16966758998447776,True,33,,,"[np.int64(892), np.int64(4413), np.int64(2053), np.int64(4493), np.int64(2206), np.int64(4242), np.int64(8709)]",10000,20,7,0.1,plus_plus,frank_wolfe,0.567637356847873
3.470203161239624,13202.0087890625,0.93398994,1,1.223971,0.17692067953625257,True,32,,,"[np.int64(892), np.int64(4399), np.int64(2060), np.int64(4437), np.int64(2214), np.int64(4255), np.int64(8763)]",10000,20,7,0.1,plus_plus,frank_wolfe,0.5403549010797821
3.5518791675567627,12749.6318359375,0.9362519,2,1.2080873,0.17102318040632347,True,34,,,"[np.int64(892), np.int64(4411), np.int64(2052), np.int64(4484), np.int64(2196), np.int64(4302), np.int64(8736)]",10000,20,7,0.1,plus_plus,frank_wolfe,0.5504581829635634
2.6224441528320312,12709.70703125,0.9364515,3,1.2269589,0.17214419408922202,True,28,,,"[np.int64(892), np.int64(4361), np.int64(2000), np.int64(4448), np.int64(2200), np.int64(4271), np.int64(8785)]",10000,20,7,0.1,plus_plus,frank_wolfe,0.4187062482954781
2.9275050163269043,12194.255859375,0.93902874,4,1.3031139,0.17575536607378822,True,28,,,"[np.int64(892), np.int64(4411), np.int64(2006), np.int64(4446), np.int64(2171), np.int64(4221), np.int64(8755)]",10000,20,7,0.1,plus_plus,frank_wolfe,0.4664976479156142
